Person ID,Name,First name,Last name,Party,Constituency,URI
10001,Diane Abbott,Diane,Abbott,Labour,Hackney North and Stoke Newington,https://www.theyworkforyou.com/mp/10001/diane_abbott/hackney_north_and_stoke_newington
25034,Debbie Abrahams,Debbie,Abrahams,Labour,Oldham East and Saddleworth,https://www.theyworkforyou.com/mp/25034/debbie_abrahams/oldham_east_and_saddleworth
24878,Nigel Adams,Nigel,Adams,Conservative,Selby and Ainsty,https://www.theyworkforyou.com/mp/24878/nigel_adams/selby_and_ainsty
25661,Bim Afolami,Bim,Afolami,Conservative,Hitchin and Harpenden,https://www.theyworkforyou.com/mp/25661/bim_afolami/hitchin_and_harpenden
11929,Adam Afriyie,Adam,Afriyie,Conservative,Windsor,https://www.theyworkforyou.com/mp/11929/adam_afriyie/windsor
24904,Peter Aldous,Peter,Aldous,Conservative,Waveney,https://www.theyworkforyou.com/mp/24904/peter_aldous/waveney
24958,Rushanara Ali,Rushanara,Ali,Labour,Bethnal Green and Bow,https://www.theyworkforyou.com/mp/24958/rushanara_ali/bethnal_green_and_bow
25337,Lucy Allan,Lucy,Allan,Conservative,Telford,https://www.theyworkforyou.com/mp/25337/lucy_allan/telford
25348,Heidi Allen,Heidi,Allen,Independent,South Cambridgeshire,https://www.theyworkforyou.com/mp/25348/heidi_allen/south_cambridgeshire
25579,Rosena Allin-Khan,Rosena,Allin-Khan,Labour,Tooting,https://www.theyworkforyou.com/mp/25579/rosena_allin-khan/tooting
25702,Mike Amesbury,Mike,Amesbury,Labour,Weaver Vale,https://www.theyworkforyou.com/mp/25702/mike_amesbury/weaver_vale
10009,David Amess,David,Amess,Conservative,Southend West,https://www.theyworkforyou.com/mp/10009/sir_david_amess/southend_west
24864,Stuart Andrew,Stuart,Andrew,Conservative,Pudsey,https://www.theyworkforyou.com/mp/24864/stuart_andrew/pudsey
25634,Tonia Antoniazzi,Tonia,Antoniazzi,Labour,Gower,https://www.theyworkforyou.com/mp/25634/tonia_antoniazzi/gower
25396,Edward Argar,Edward,Argar,Conservative,Charnwood,https://www.theyworkforyou.com/mp/25396/edward_argar/charnwood
25120,Jon Ashworth,Jon,Ashworth,Labour/Co-operative,Leicester South,https://www.theyworkforyou.com/mp/25120/jon_ashworth/leicester_south
25424,Victoria Atkins,Victoria,Atkins,Conservative,Louth and Horncastle,https://www.theyworkforyou.com/mp/25424/victoria_atkins/louth_and_horncastle
11553,Ian Austin,Ian,Austin,Independent,Dudley North,https://www.theyworkforyou.com/mp/11553/ian_austin/dudley_north
10707,Richard Bacon,Richard,Bacon,Conservative,South Norfolk,https://www.theyworkforyou.com/mp/10707/richard_bacon/south_norfolk
25693,Kemi Badenoch,Kemi,Badenoch,Conservative,Saffron Walden,https://www.theyworkforyou.com/mp/25693/kemi_badenoch/saffron_walden
10683,Adrian Bailey,Adrian,Bailey,Labour/Co-operative,West Bromwich West,https://www.theyworkforyou.com/mp/10683/adrian_bailey/west_bromwich_west
24786,Steven Baker,Steven,Baker,Conservative,Wycombe,https://www.theyworkforyou.com/mp/24786/steven_baker/wycombe
24785,Harriett Baldwin,Harriett,Baldwin,Conservative,West Worcestershire,https://www.theyworkforyou.com/mp/24785/harriett_baldwin/west_worcestershire
24916,Stephen Barclay,Stephen,Barclay,Conservative,North East Cambridgeshire,https://www.theyworkforyou.com/mp/24916/stephen_barclay/north_east_cambridgeshire
25409,Hannah Bardell,Hannah,Bardell,Scottish National Party,Livingston,https://www.theyworkforyou.com/mp/25409/hannah_bardell/livingston
10715,John Baron,John,Baron,Conservative,Basildon and Billericay,https://www.theyworkforyou.com/mp/10715/john_baron/basildon_and_billericay
10027,Kevin Barron,Kevin,Barron,Labour,Rother Valley,https://www.theyworkforyou.com/mp/10027/kevin_barron/rother_valley
24736,Guto Bebb,Guto,Bebb,Conservative,Aberconwy,https://www.theyworkforyou.com/mp/24736/guto_bebb/aberconwy
10031,Margaret Beckett,Margaret,Beckett,Labour,Derby South,https://www.theyworkforyou.com/mp/10031/margaret_beckett/derby_south
25726,Órfhlaith Begley,Órfhlaith,Begley,Sinn Féin,West Tyrone,https://www.theyworkforyou.com/mp/25726/orfhlaith_begley/west_tyrone
10726,Henry Bellingham,Henry,Bellingham,Conservative,North West Norfolk,https://www.theyworkforyou.com/mp/10726/henry_bellingham/north_west_norfolk
10669,Hilary Benn,Hilary,Benn,Labour,Leeds Central,https://www.theyworkforyou.com/mp/10669/hilary_benn/leeds_central
11727,Richard Benyon,Richard,Benyon,Conservative,Newbury,https://www.theyworkforyou.com/mp/11727/richard_benyon/newbury
10040,John Bercow,John,Bercow,Speaker,Buckingham,https://www.theyworkforyou.com/mp/10040/john_bercow/buckingham
10041,Paul Beresford,Paul,Beresford,Conservative,Mole Valley,https://www.theyworkforyou.com/mp/10041/paul_beresford/mole_valley
24924,Luciana Berger,Luciana,Berger,Independent,"Liverpool, Wavertree",https://www.theyworkforyou.com/mp/24924/luciana_berger/liverpool%2C_wavertree
24860,Jake Berry,Jake,Berry,Conservative,Rossendale and Darwen,https://www.theyworkforyou.com/mp/24860/jake_berry/rossendale_and_darwen
10045,Clive Betts,Clive,Betts,Labour,Sheffield South East,https://www.theyworkforyou.com/mp/10045/clive_betts/sheffield_south_east
25269,Mhairi Black,Mhairi,Black,Scottish National Party,Paisley and Renfrewshire South,https://www.theyworkforyou.com/mp/25269/mhairi_black/paisley_and_renfrewshire_south
25361,Ian Blackford,Ian,Blackford,Scottish National Party,"Ross, Skye and Lochaber",https://www.theyworkforyou.com/mp/25361/ian_blackford/ross%2C_skye_and_lochaber
24945,Bob Blackman,Bob,Blackman,Conservative,Harrow East,https://www.theyworkforyou.com/mp/24945/bob_blackman/harrow_east
25314,Kirsty Blackman,Kirsty,Blackman,Scottish National Party,Aberdeen North,https://www.theyworkforyou.com/mp/25314/kirsty_blackman/aberdeen_north
11558,Roberta Blackman-Woods,Roberta,Blackman-Woods,Labour,City of Durham,https://www.theyworkforyou.com/mp/11558/roberta_blackman-woods/city_of_durham
24943,Paul Blomfield,Paul,Blomfield,Labour,Sheffield Central,https://www.theyworkforyou.com/mp/24943/paul_blomfield/sheffield_central
10051,Crispin Blunt,Crispin,Blunt,Conservative,Reigate,https://www.theyworkforyou.com/mp/10051/crispin_blunt/reigate
24766,Nicholas Boles,Nicholas,Boles,Independent,Grantham and Stamford,https://www.theyworkforyou.com/mp/24766/nicholas_boles/grantham_and_stamford
11915,Peter Bone,Peter,Bone,Conservative,Wellingborough,https://www.theyworkforyou.com/mp/11915/peter_bone/wellingborough
10057,Peter Bottomley,Peter,Bottomley,Conservative,Worthing West,https://www.theyworkforyou.com/mp/10057/peter_bottomley/worthing_west
25703,Andrew Bowie,Andrew,Bowie,Conservative,West Aberdeenshire and Kincardine,https://www.theyworkforyou.com/mp/25703/andrew_bowie/west_aberdeenshire_and_kincardine
25592,Tracy Brabin,Tracy,Brabin,Labour/Co-operative,Batley and Spen,https://www.theyworkforyou.com/mp/25592/tracy_brabin/batley_and_spen
25683,Ben Bradley,Ben,Bradley,Conservative,Mansfield,https://www.theyworkforyou.com/mp/25683/ben_bradley/mansfield
24725,Karen Bradley,Karen,Bradley,Conservative,Staffordshire Moorlands,https://www.theyworkforyou.com/mp/24725/karen_bradley/staffordshire_moorlands
10061,Ben Bradshaw,Ben,Bradshaw,Labour,Exeter,https://www.theyworkforyou.com/mp/10061/ben_bradshaw/exeter
10062,Graham Brady,Graham,Brady,Conservative,Altrincham and Sale West,https://www.theyworkforyou.com/mp/10062/graham_brady/altrincham_and_sale_west
13893,Mickey Brady,Mickey,Brady,Sinn Féin,Newry and Armagh,https://www.theyworkforyou.com/mp/13893/mickey_brady/newry_and_armagh
10063,Tom Brake,Tom,Brake,Liberal Democrat,Carshalton and Wallington,https://www.theyworkforyou.com/mp/10063/tom_brake/carshalton_and_wallington
25272,Suella Braverman,Suella,Braverman,Conservative,Fareham,https://www.theyworkforyou.com/mp/25272/suella_braverman/fareham
10753,Kevin Brennan,Kevin,Brennan,Labour,Cardiff West,https://www.theyworkforyou.com/mp/10753/kevin_brennan/cardiff_west
25698,Jack Brereton,Jack,Brereton,Conservative,Stoke-on-Trent South,https://www.theyworkforyou.com/mp/25698/jack_brereton/stoke-on-trent_south
24741,Andrew Bridgen,Andrew,Bridgen,Conservative,North West Leicestershire,https://www.theyworkforyou.com/mp/24741/andrew_bridgen/north_west_leicestershire
24901,Steve Brine,Steve,Brine,Conservative,Winchester,https://www.theyworkforyou.com/mp/24901/steve_brine/winchester
25336,Deidre Brock,Deidre,Brock,Scottish National Party,Edinburgh North and Leith,https://www.theyworkforyou.com/mp/25336/deidre_brock/edinburgh_north_and_leith
11640,James Brokenshire,James,Brokenshire,Conservative,Old Bexley and Sidcup,https://www.theyworkforyou.com/mp/11640/james_brokenshire/old_bexley_and_sidcup
25268,Alan Brown,Alan,Brown,Scottish National Party,Kilmarnock and Loudoun,https://www.theyworkforyou.com/mp/25268/alan_brown/kilmarnock_and_loudoun
11921,Lyn Brown,Lyn,Brown,Labour,West Ham,https://www.theyworkforyou.com/mp/11921/lyn_brown/west_ham
10069,Nick Brown,Nick,Brown,Labour,Newcastle upon Tyne East,https://www.theyworkforyou.com/mp/10069/nick_brown/newcastle_upon_tyne_east
24857,Fiona Bruce,Fiona,Bruce,Conservative,Congleton,https://www.theyworkforyou.com/mp/24857/fiona_bruce/congleton
10761,Chris Bryant,Chris,Bryant,Labour,Rhondda,https://www.theyworkforyou.com/mp/10761/chris_bryant/rhondda
10075,Karen Buck,Karen,Buck,Labour,Westminster North,https://www.theyworkforyou.com/mp/10075/karen_buck/westminster_north
24843,Robert Buckland,Robert,Buckland,Conservative,South Swindon,https://www.theyworkforyou.com/mp/24843/robert_buckland/south_swindon
10076,Richard Burden,Richard,Burden,Labour,"Birmingham, Northfield",https://www.theyworkforyou.com/mp/10076/richard_burden/birmingham%2C_northfield
25659,Alex Burghart,Alex,Burghart,Conservative,Brentwood and Ongar,https://www.theyworkforyou.com/mp/25659/alex_burghart/brentwood_and_ongar
25391,Richard Burgon,Richard,Burgon,Labour,Leeds East,https://www.theyworkforyou.com/mp/25391/richard_burgon/leeds_east
24780,Conor Burns,Conor,Burns,Conservative,Bournemouth West,https://www.theyworkforyou.com/mp/24780/conor_burns/bournemouth_west
10770,Alistair Burt,Alistair,Burt,Conservative,North East Bedfordshire,https://www.theyworkforyou.com/mp/10770/alistair_burt/north_east_bedfordshire
11447,Dawn Butler,Dawn,Butler,Labour,Brent Central,https://www.theyworkforyou.com/mp/11447/dawn_butler/brent_central
11360,Liam Byrne,Liam,Byrne,Labour,"Birmingham, Hodge Hill",https://www.theyworkforyou.com/mp/11360/liam_byrne/birmingham%2C_hodge_hill
10084,Vincent Cable,Vincent,Cable,Liberal Democrat,Twickenham,https://www.theyworkforyou.com/mp/10084/vincent_cable/twickenham
25343,Ruth Cadbury,Ruth,Cadbury,Labour,Brentford and Isleworth,https://www.theyworkforyou.com/mp/25343/ruth_cadbury/brentford_and_isleworth
24740,Alun Cairns,Alun,Cairns,Conservative,Vale of Glamorgan,https://www.theyworkforyou.com/mp/24740/alun_cairns/vale_of_glamorgan
25276,Lisa Cameron,Lisa,Cameron,Scottish National Party,"East Kilbride, Strathaven and Lesmahagow",https://www.theyworkforyou.com/mp/25276/lisa_cameron/east_kilbride%2C_strathaven_and_lesmahagow
10086,Alan Campbell,Alan,Campbell,Labour,Tynemouth,https://www.theyworkforyou.com/mp/10086/alan_campbell/tynemouth
10780,Gregory Campbell,Gregory,Campbell,DUP,East Londonderry,https://www.theyworkforyou.com/mp/10780/gregory_campbell/east_londonderry
10089,Ronnie Campbell,Ronnie,Campbell,Labour,Blyth Valley,https://www.theyworkforyou.com/mp/10089/ronnie_campbell/blyth_valley
25642,Dan Carden,Dan,Carden,Labour,"Liverpool, Walton",https://www.theyworkforyou.com/mp/25642/dan_carden/liverpool%2C_walton
10785,Alistair Carmichael,Alistair,Carmichael,Liberal Democrat,Orkney and Shetland,https://www.theyworkforyou.com/mp/10785/alistair_carmichael/orkney_and_shetland
25414,James Cartlidge,James,Cartlidge,Conservative,South Suffolk,https://www.theyworkforyou.com/mp/25414/james_cartlidge/south_suffolk
10095,Bill Cash,Bill,Cash,Conservative,Stone,https://www.theyworkforyou.com/mp/10095/bill_cash/stone
25397,Maria Caulfield,Maria,Caulfield,Conservative,Lewes,https://www.theyworkforyou.com/mp/25397/maria_caulfield/lewes
25340,Alex Chalk,Alex,Chalk,Conservative,Cheltenham,https://www.theyworkforyou.com/mp/25340/alex_chalk/cheltenham
25168,Sarah Champion,Sarah,Champion,Labour,Rotherham,https://www.theyworkforyou.com/mp/25168/sarah_champion/rotherham
25305,Douglas Chapman,Douglas,Chapman,Scottish National Party,Dunfermline and West Fife,https://www.theyworkforyou.com/mp/25305/douglas_chapman/dunfermline_and_west_fife
24711,Jenny Chapman,Jenny,Chapman,Labour,Darlington,https://www.theyworkforyou.com/mp/24711/jenny_chapman/darlington
25676,Bambos Charalambous,Bambos,Charalambous,Labour,"Enfield, Southgate",https://www.theyworkforyou.com/mp/25676/bambos_charalambous/enfield%2C_southgate
25404,Joanna Cherry,Joanna,Cherry,Scottish National Party,Edinburgh South West,https://www.theyworkforyou.com/mp/25404/joanna_cherry/edinburgh_south_west
24920,Rehman Chishti,Rehman,Chishti,Conservative,Gillingham and Rainham,https://www.theyworkforyou.com/mp/24920/rehman_chishti/gillingham_and_rainham
10103,Christopher Chope,Christopher,Chope,Conservative,Christchurch,https://www.theyworkforyou.com/mp/10103/christopher_chope/christchurch
25408,Jo Churchill,Jo,Churchill,Conservative,Bury St Edmunds,https://www.theyworkforyou.com/mp/25408/jo_churchill/bury_st_edmunds
25678,Colin Clark,Colin,Clark,Conservative,Gordon,https://www.theyworkforyou.com/mp/25678/colin_clark/gordon
11884,Greg Clark,Greg,Clark,Conservative,Tunbridge Wells,https://www.theyworkforyou.com/mp/11884/greg_clark/tunbridge_wells
10115,Kenneth Clarke,Kenneth,Clarke,Conservative,Rushcliffe,https://www.theyworkforyou.com/mp/10115/kenneth_clarke/rushcliffe
25657,Simon Clarke,Simon,Clarke,Conservative,Middlesbrough South and East Cleveland,https://www.theyworkforyou.com/mp/25657/simon_clarke/middlesbrough_south_and_east_cleveland
25376,James Cleverly,James,Cleverly,Conservative,Braintree,https://www.theyworkforyou.com/mp/25376/james_cleverly/braintree
10119,Geoffrey Clifton-Brown,Geoffrey,Clifton-Brown,Conservative,The Cotswolds,https://www.theyworkforyou.com/mp/10119/geoffrey_clifton-brown/the_cotswolds
10120,Ann Clwyd,Ann,Clwyd,Labour,Cynon Valley,https://www.theyworkforyou.com/mp/10120/ann_clwyd/cynon_valley
10121,Vernon Coaker,Vernon,Coaker,Labour,Gedling,https://www.theyworkforyou.com/mp/10121/vernon_coaker/gedling
10122,Ann Coffey,Ann,Coffey,Independent,Stockport,https://www.theyworkforyou.com/mp/10122/ann_coffey/stockport
24771,Therese Coffey,Therese,Coffey,Conservative,Suffolk Coastal,https://www.theyworkforyou.com/mp/24771/therese_coffey/suffolk_coastal
24744,Damian Collins,Damian,Collins,Conservative,Folkestone and Hythe,https://www.theyworkforyou.com/mp/24744/damian_collins/folkestone_and_hythe
25283,Julie Cooper,Julie,Cooper,Labour,Burnley,https://www.theyworkforyou.com/mp/25283/julie_cooper/burnley
11667,Rosie Cooper,Rosie,Cooper,Labour,West Lancashire,https://www.theyworkforyou.com/mp/11667/rosie_cooper/west_lancashire
10131,Yvette Cooper,Yvette,Cooper,Labour,"Normanton, Pontefract and Castleford",https://www.theyworkforyou.com/mp/10131/yvette_cooper/normanton%2C_pontefract_and_castleford
10133,Jeremy Corbyn,Jeremy,Corbyn,Labour,Islington North,https://www.theyworkforyou.com/mp/10133/jeremy_corbyn/islington_north
25413,Alberto Costa,Alberto,Costa,Conservative,South Leicestershire,https://www.theyworkforyou.com/mp/25413/alberto_costa/south_leicestershire
25593,Robert Courts,Robert,Courts,Conservative,Witney,https://www.theyworkforyou.com/mp/25593/robert_courts/witney
25288,Ronnie Cowan,Ronnie,Cowan,Scottish National Party,Inverclyde,https://www.theyworkforyou.com/mp/25288/ronnie_cowan/inverclyde
11541,Geoffrey Cox,Geoffrey,Cox,Conservative,Torridge and West Devon,https://www.theyworkforyou.com/mp/11541/geoffrey_cox/torridge_and_west_devon
25326,Neil Coyle,Neil,Coyle,Labour,Bermondsey and Old Southwark,https://www.theyworkforyou.com/mp/25326/neil_coyle/bermondsey_and_old_southwark
11768,Stephen Crabb,Stephen,Crabb,Conservative,Preseli Pembrokeshire,https://www.theyworkforyou.com/mp/11768/stephen_crabb/preseli_pembrokeshire
10141,David Crausby,David,Crausby,Labour,Bolton North East,https://www.theyworkforyou.com/mp/10141/david_crausby/bolton_north_east
25295,Angela Crawley,Angela,Crawley,Scottish National Party,Lanark and Hamilton East,https://www.theyworkforyou.com/mp/25295/angela_crawley/lanark_and_hamilton_east
11898,Mary Creagh,Mary,Creagh,Labour,Wakefield,https://www.theyworkforyou.com/mp/11898/mary_creagh/wakefield
24949,Stella Creasy,Stella,Creasy,Labour/Co-operative,Walthamstow,https://www.theyworkforyou.com/mp/24949/stella_creasy/walthamstow
24871,Tracey Crouch,Tracey,Crouch,Conservative,Chatham and Aylesford,https://www.theyworkforyou.com/mp/24871/tracey_crouch/chatham_and_aylesford
10828,Jon Cruddas,Jon,Cruddas,Labour,Dagenham and Rainham,https://www.theyworkforyou.com/mp/10828/jon_cruddas/dagenham_and_rainham
10143,John Cryer,John,Cryer,Labour,Leyton and Wanstead,https://www.theyworkforyou.com/mp/10143/john_cryer/leyton_and_wanstead
25393,Judith Cummins,Judith,Cummins,Labour,Bradford South,https://www.theyworkforyou.com/mp/25393/judith_cummins/bradford_south
24742,Alex Cunningham,Alex,Cunningham,Labour,Stockton North,https://www.theyworkforyou.com/mp/24742/alex_cunningham/stockton_north
10147,Jim Cunningham,Jim,Cunningham,Labour,Coventry South,https://www.theyworkforyou.com/mp/10147/jim_cunningham/coventry_south
25727,Janet Daby,Janet,Daby,Labour,Lewisham East,https://www.theyworkforyou.com/mp/25727/janet_daby/lewisham_east
24798,Nicholas Dakin,Nicholas,Dakin,Labour,Scunthorpe,https://www.theyworkforyou.com/mp/24798/nicholas_dakin/scunthorpe
10155,Edward Davey,Edward,Davey,Liberal Democrat,Kingston and Surbiton,https://www.theyworkforyou.com/mp/10155/edward_davey/kingston_and_surbiton
10842,Wayne David,Wayne,David,Labour,Caerphilly,https://www.theyworkforyou.com/mp/10842/wayne_david/caerphilly
25282,Chris Davies,Chris,Davies,Conservative,Brecon and Radnorshire,https://www.theyworkforyou.com/mp/25282/chris_davies/brecon_and_radnorshire
11719,David Davies,David,Davies,Conservative,Monmouth,https://www.theyworkforyou.com/mp/11719/david_davies/monmouth
10159,Geraint Davies,Geraint,Davies,Labour/Co-operative,Swansea West,https://www.theyworkforyou.com/mp/10159/geraint_davies/swansea_west
24739,Glyn Davies,Glyn,Davies,Conservative,Montgomeryshire,https://www.theyworkforyou.com/mp/24739/glyn_davies/montgomeryshire
25330,Mims Davies,Mims,Davies,Conservative,Eastleigh,https://www.theyworkforyou.com/mp/25330/mims_davies/eastleigh
11816,Philip Davies,Philip,Davies,Conservative,Shipley,https://www.theyworkforyou.com/mp/11816/philip_davies/shipley
10162,David Davis,David,Davis,Conservative,Haltemprice and Howden,https://www.theyworkforyou.com/mp/10162/david_davis/haltemprice_and_howden
25307,Martyn Day,Martyn,Day,Scottish National Party,Linlithgow and East Falkirk,https://www.theyworkforyou.com/mp/25307/martyn_day/linlithgow_and_east_falkirk
25620,Marsha de Cordova,Marsha,de Cordova,Labour,Battersea,https://www.theyworkforyou.com/mp/25620/marsha_de_cordova/battersea
24811,Gloria De Piero,Gloria,De Piero,Labour,Ashfield,https://www.theyworkforyou.com/mp/24811/gloria_de_piero/ashfield
25402,Thangam Debbonaire,Thangam,Debbonaire,Labour,Bristol West,https://www.theyworkforyou.com/mp/25402/thangam_debbonaire/bristol_west
25706,Emma Dent Coad,Emma,Dent Coad,Labour,Kensington,https://www.theyworkforyou.com/mp/25706/emma_dent_coad/kensington
25695,Tanmanjeet Singh Dhesi,Tanmanjeet Singh,Dhesi,Labour,Slough,https://www.theyworkforyou.com/mp/25695/tanmanjeet_singh_dhesi/slough
24873,Caroline Dinenage,Caroline,Dinenage,Conservative,Gosport,https://www.theyworkforyou.com/mp/24873/caroline_dinenage/gosport
10854,Jonathan Djanogly,Jonathan,Djanogly,Conservative,Huntingdon,https://www.theyworkforyou.com/mp/10854/jonathan_djanogly/huntingdon
25628,Leo Docherty,Leo,Docherty,Conservative,Aldershot,https://www.theyworkforyou.com/mp/25628/leo_docherty/aldershot
25275,Martin Docherty,Martin,Docherty,Scottish National Party,West Dunbartonshire,https://www.theyworkforyou.com/mp/25275/martin_docherty/west_dunbartonshire
25618,Anneliese Dodds,Anneliese,Dodds,Labour/Co-operative,Oxford East,https://www.theyworkforyou.com/mp/25618/anneliese_dodds/oxford_east
10857,Nigel Dodds,Nigel,Dodds,DUP,Belfast North,https://www.theyworkforyou.com/mp/10857/nigel_dodds/belfast_north
10172,Jeffrey M. Donaldson,Jeffrey M.,Donaldson,DUP,Lagan Valley,https://www.theyworkforyou.com/mp/10172/jeffrey_m._donaldson/lagan_valley
25316,Michelle Donelan,Michelle,Donelan,Conservative,Chippenham,https://www.theyworkforyou.com/mp/25316/michelle_donelan/chippenham
11397,Nadine Dorries,Nadine,Dorries,Conservative,Mid Bedfordshire,https://www.theyworkforyou.com/mp/11397/nadine_dorries/mid_bedfordshire
25410,Steve Double,Steve,Double,Conservative,St Austell and Newquay,https://www.theyworkforyou.com/mp/25410/steve_double/st_austell_and_newquay
25166,Stephen Doughty,Stephen,Doughty,Labour/Co-operative,Cardiff South and Penarth,https://www.theyworkforyou.com/mp/25166/stephen_doughty/cardiff_south_and_penarth
25309,Peter Dowd,Peter,Dowd,Labour,Bootle,https://www.theyworkforyou.com/mp/25309/peter_dowd/bootle
25323,Oliver Dowden,Oliver,Dowden,Conservative,Hertsmere,https://www.theyworkforyou.com/mp/25323/oliver_dowden/hertsmere
24957,Jackie Doyle-Price,Jackie,Doyle-Price,Conservative,Thurrock,https://www.theyworkforyou.com/mp/24957/jackie_doyle-price/thurrock
24903,Richard Drax,Richard,Drax,Conservative,South Dorset,https://www.theyworkforyou.com/mp/24903/richard_drax/south_dorset
10177,David Drew,David,Drew,Labour/Co-operative,Stroud,https://www.theyworkforyou.com/mp/10177/david_drew/stroud
24825,Jack Dromey,Jack,Dromey,Labour,"Birmingham, Erdington",https://www.theyworkforyou.com/mp/24825/jack_dromey/birmingham%2C_erdington
11785,James Duddridge,James,Duddridge,Conservative,Rochford and Southend East,https://www.theyworkforyou.com/mp/11785/james_duddridge/rochford_and_southend_east
25656,Rosie Duffield,Rosie,Duffield,Labour,Canterbury,https://www.theyworkforyou.com/mp/25656/rosie_duffield/canterbury
25664,David Duguid,David,Duguid,Conservative,Banff and Buchan,https://www.theyworkforyou.com/mp/25664/david_duguid/banff_and_buchan
10179,Alan Duncan,Alan,Duncan,Conservative,Rutland and Melton,https://www.theyworkforyou.com/mp/10179/alan_duncan/rutland_and_melton
10180,Iain Duncan Smith,Iain,Duncan Smith,Conservative,Chingford and Woodford Green,https://www.theyworkforyou.com/mp/10180/iain_duncan_smith/chingford_and_woodford_green
11696,Philip Dunne,Philip,Dunne,Conservative,Ludlow,https://www.theyworkforyou.com/mp/11696/philip_dunne/ludlow
10182,Angela Eagle,Angela,Eagle,Labour,Wallasey,https://www.theyworkforyou.com/mp/10182/angela_eagle/wallasey
10183,Maria Eagle,Maria,Eagle,Labour,Garston and Halewood,https://www.theyworkforyou.com/mp/10183/maria_eagle/garston_and_halewood
24743,Jonathan Edwards,Jonathan,Edwards,Plaid Cymru,Carmarthen East and Dinefwr,https://www.theyworkforyou.com/mp/24743/jonathan_edwards/carmarthen_east_and_dinefwr
10185,Clive Efford,Clive,Efford,Labour,Eltham,https://www.theyworkforyou.com/mp/10185/clive_efford/eltham
24710,Julie Elliott,Julie,Elliott,Labour,Sunderland Central,https://www.theyworkforyou.com/mp/24710/julie_elliott/sunderland_central
24866,Michael Ellis,Michael,Ellis,Conservative,Northampton North,https://www.theyworkforyou.com/mp/24866/michael_ellis/northampton_north
10186,Louise Ellman,Louise,Ellman,Labour/Co-operative,"Liverpool, Riverside",https://www.theyworkforyou.com/mp/10186/louise_ellman/liverpool%2C_riverside
11437,Tobias Ellwood,Tobias,Ellwood,Conservative,Bournemouth East,https://www.theyworkforyou.com/mp/11437/tobias_ellwood/bournemouth_east
25490,Chris Elmore,Chris,Elmore,Labour,Ogmore,https://www.theyworkforyou.com/mp/25490/chris_elmore/ogmore
24777,Charlie Elphicke,Charlie,Elphicke,Conservative,Dover,https://www.theyworkforyou.com/mp/24777/charlie_elphicke/dover
24905,Bill Esterson,Bill,Esterson,Labour,Sefton Central,https://www.theyworkforyou.com/mp/24905/bill_esterson/sefton_central
24933,George Eustice,George,Eustice,Conservative,Camborne and Redruth,https://www.theyworkforyou.com/mp/24933/george_eustice/camborne_and_redruth
24721,Chris Evans,Chris,Evans,Labour/Co-operative,Islwyn,https://www.theyworkforyou.com/mp/24721/chris_evans/islwyn
10190,Nigel Evans,Nigel,Evans,Conservative,Ribble Valley,https://www.theyworkforyou.com/mp/10190/nigel_evans/ribble_valley
11408,David Evennett,David,Evennett,Conservative,Bexleyheath and Crayford,https://www.theyworkforyou.com/mp/11408/david_evennett/bexleyheath_and_crayford
10193,Michael Fabricant,Michael,Fabricant,Conservative,Lichfield,https://www.theyworkforyou.com/mp/10193/michael_fabricant/lichfield
10194,Michael Fallon,Michael,Fallon,Conservative,Sevenoaks,https://www.theyworkforyou.com/mp/10194/michael_fallon/sevenoaks
10882,Paul Farrelly,Paul,Farrelly,Labour,Newcastle-under-Lyme,https://www.theyworkforyou.com/mp/10882/paul_farrelly/newcastle-under-lyme
11923,Tim Farron,Tim,Farron,Liberal Democrat,Westmorland and Lonsdale,https://www.theyworkforyou.com/mp/11923/tim_farron/westmorland_and_lonsdale
25277,Marion Fellows,Marion,Fellows,Scottish National Party,Motherwell and Wishaw,https://www.theyworkforyou.com/mp/25277/marion_fellows/motherwell_and_wishaw
10197,Frank Field,Frank,Field,Independent,Birkenhead,https://www.theyworkforyou.com/mp/10197/frank_field/birkenhead
10884,Mark Field,Mark,Field,Conservative,Cities of London and Westminster,https://www.theyworkforyou.com/mp/10884/mark_field/cities_of_london_and_westminster
10199,Jim Fitzpatrick,Jim,Fitzpatrick,Labour,Poplar and Limehouse,https://www.theyworkforyou.com/mp/10199/jim_fitzpatrick/poplar_and_limehouse
25319,Colleen Fletcher,Colleen,Fletcher,Labour,Coventry North East,https://www.theyworkforyou.com/mp/25319/colleen_fletcher/coventry_north_east
10202,Caroline Flint,Caroline,Flint,Labour,Don Valley,https://www.theyworkforyou.com/mp/10202/caroline_flint/don_valley
25614,Vicky Ford,Vicky,Ford,Conservative,Chelmsford,https://www.theyworkforyou.com/mp/25614/vicky_ford/chelmsford
25338,Kevin Foster,Kevin,Foster,Conservative,Torbay,https://www.theyworkforyou.com/mp/25338/kevin_foster/torbay
24805,Yvonne Fovargue,Yvonne,Fovargue,Labour,Makerfield,https://www.theyworkforyou.com/mp/24805/yvonne_fovargue/makerfield
10213,Liam Fox,Liam,Fox,Conservative,North Somerset,https://www.theyworkforyou.com/mp/10213/liam_fox/north_somerset
25380,Vicky Foxcroft,Vicky,Foxcroft,Labour,"Lewisham, Deptford",https://www.theyworkforyou.com/mp/25380/vicky_foxcroft/lewisham%2C_deptford
10901,Mark Francois,Mark,Francois,Conservative,Rayleigh and Wickford,https://www.theyworkforyou.com/mp/10901/mark_francois/rayleigh_and_wickford
25399,Lucy Frazer,Lucy,Frazer,Conservative,South East Cambridgeshire,https://www.theyworkforyou.com/mp/25399/lucy_frazer/south_east_cambridgeshire
24817,George Freeman,George,Freeman,Conservative,Mid Norfolk,https://www.theyworkforyou.com/mp/24817/george_freeman/mid_norfolk
24934,Mike Freer,Mike,Freer,Conservative,Finchley and Golders Green,https://www.theyworkforyou.com/mp/24934/mike_freer/finchley_and_golders_green
25622,James Frith,James,Frith,Labour,Bury North,https://www.theyworkforyou.com/mp/25622/james_frith/bury_north
25489,Gill Furniss,Gill,Furniss,Labour,"Sheffield, Brightside and Hillsborough",https://www.theyworkforyou.com/mp/25489/gill_furniss/sheffield%2C_brightside_and_hillsborough
25384,Marcus Fysh,Marcus,Fysh,Conservative,Yeovil,https://www.theyworkforyou.com/mp/25384/marcus_fysh/yeovil
25660,Hugh Gaffney,Hugh,Gaffney,Labour,"Coatbridge, Chryston and Bellshill",https://www.theyworkforyou.com/mp/25660/hugh_gaffney/coatbridge%2C_chryston_and_bellshill
10217,Roger Gale,Roger,Gale,Conservative,North Thanet,https://www.theyworkforyou.com/mp/10217/roger_gale/north_thanet
10219,Mike Gapes,Mike,Gapes,Independent,Ilford South,https://www.theyworkforyou.com/mp/10219/mike_gapes/ilford_south
10220,Barry Gardiner,Barry,Gardiner,Labour,Brent North,https://www.theyworkforyou.com/mp/10220/barry_gardiner/brent_north
24824,Mark Garnier,Mark,Garnier,Conservative,Wyre Forest,https://www.theyworkforyou.com/mp/24824/mark_garnier/wyre_forest
11633,David Gauke,David,Gauke,Conservative,South West Hertfordshire,https://www.theyworkforyou.com/mp/11633/david_gauke/south_west_hertfordshire
25633,Ruth George,Ruth,George,Labour,High Peak,https://www.theyworkforyou.com/mp/25633/ruth_george/high_peak
25324,Stephen Gethins,Stephen,Gethins,Scottish National Party,North East Fife,https://www.theyworkforyou.com/mp/25324/stephen_gethins/north_east_fife
25354,Nusrat Ghani,Nusrat,Ghani,Conservative,Wealden,https://www.theyworkforyou.com/mp/25354/nusrat_ghani/wealden
10225,Nick Gibb,Nick,Gibb,Conservative,Bognor Regis and Littlehampton,https://www.theyworkforyou.com/mp/10225/nick_gibb/bognor_regis_and_littlehampton
25300,Patricia Gibson,Patricia,Gibson,Scottish National Party,North Ayrshire and Arran,https://www.theyworkforyou.com/mp/25300/patricia_gibson/north_ayrshire_and_arran
10913,Michelle Gildernew,Michelle,Gildernew,Sinn Féin,Fermanagh and South Tyrone,https://www.theyworkforyou.com/mp/10913/michelle_gildernew/fermanagh_and_south_tyrone
25666,Preet Kaur Gill,Preet Kaur,Gill,Labour/Co-operative,"Birmingham, Edgbaston",https://www.theyworkforyou.com/mp/25666/preet_kaur_gill/birmingham%2C_edgbaston
10228,Cheryl Gillan,Cheryl,Gillan,Conservative,Chesham and Amersham,https://www.theyworkforyou.com/mp/10228/dame_cheryl_gillan/chesham_and_amersham
25629,Paul Girvan,Paul,Girvan,DUP,South Antrim,https://www.theyworkforyou.com/mp/25629/paul_girvan/south_antrim
24839,John Glen,John,Glen,Conservative,Salisbury,https://www.theyworkforyou.com/mp/24839/john_glen/salisbury
24927,Mary Glindon,Mary,Glindon,Labour,North Tyneside,https://www.theyworkforyou.com/mp/24927/mary_glindon/north_tyneside
10231,Roger Godsiff,Roger,Godsiff,Labour,"Birmingham, Hall Green",https://www.theyworkforyou.com/mp/10231/roger_godsiff/birmingham%2C_hall_green
24911,Zac Goldsmith,Zac,Goldsmith,Conservative,Richmond Park,https://www.theyworkforyou.com/mp/24911/zac_goldsmith/richmond_park
11421,Helen Goodman,Helen,Goodman,Labour,Bishop Auckland,https://www.theyworkforyou.com/mp/11421/helen_goodman/bishop_auckland
11804,Robert Goodwill,Robert,Goodwill,Conservative,Scarborough and Whitby,https://www.theyworkforyou.com/mp/11804/robert_goodwill/scarborough_and_whitby
11858,Michael Gove,Michael,Gove,Conservative,Surrey Heath,https://www.theyworkforyou.com/mp/11858/michael_gove/surrey_heath
25299,Patrick Grady,Patrick,Grady,Scottish National Party,Glasgow North,https://www.theyworkforyou.com/mp/25299/patrick_grady/glasgow_north
25625,Luke Graham,Luke,Graham,Conservative,Ochil and South Perthshire,https://www.theyworkforyou.com/mp/25625/luke_graham/ochil_and_south_perthshire
24921,Richard Graham,Richard,Graham,Conservative,Gloucester,https://www.theyworkforyou.com/mp/24921/richard_graham/gloucester
25643,Bill Grant,Bill,Grant,Conservative,"Ayr, Carrick and Cumnock",https://www.theyworkforyou.com/mp/25643/bill_grant/ayr%2C_carrick_and_cumnock
24796,Helen Grant,Helen,Grant,Conservative,Maidstone and The Weald,https://www.theyworkforyou.com/mp/24796/helen_grant/maidstone_and_the_weald
25273,Peter Grant,Peter,Grant,Scottish National Party,Glenrothes,https://www.theyworkforyou.com/mp/25273/peter_grant/glenrothes
10240,James Gray,James,Gray,Conservative,North Wiltshire,https://www.theyworkforyou.com/mp/10240/james_gray/north_wiltshire
25293,Neil Gray,Neil,Gray,Scottish National Party,Airdrie and Shotts,https://www.theyworkforyou.com/mp/25293/neil_gray/airdrie_and_shotts
10920,Chris Grayling,Chris,Grayling,Conservative,Epsom and Ewell,https://www.theyworkforyou.com/mp/10920/chris_grayling/epsom_and_ewell
25359,Chris Green,Chris,Green,Conservative,Bolton West,https://www.theyworkforyou.com/mp/25359/chris_green/bolton_west
10241,Damian Green,Damian,Green,Conservative,Ashford,https://www.theyworkforyou.com/mp/10241/damian_green/ashford
24896,Kate Green,Kate,Green,Labour,Stretford and Urmston,https://www.theyworkforyou.com/mp/24896/kate_green/stretford_and_urmston
11771,Justine Greening,Justine,Greening,Conservative,Putney,https://www.theyworkforyou.com/mp/11771/justine_greening/putney
24774,Lilian Greenwood,Lilian,Greenwood,Labour,Nottingham South,https://www.theyworkforyou.com/mp/24774/lilian_greenwood/nottingham_south
25349,Margaret Greenwood,Margaret,Greenwood,Labour,Wirral West,https://www.theyworkforyou.com/mp/25349/margaret_greenwood/wirral_west
10243,Dominic Grieve,Dominic,Grieve,Conservative,Beaconsfield,https://www.theyworkforyou.com/mp/10243/dominic_grieve/beaconsfield
11692,Nia Griffith,Nia,Griffith,Labour,Llanelli,https://www.theyworkforyou.com/mp/11692/nia_griffith/llanelli
24826,Andrew Griffiths,Andrew,Griffiths,Conservative,Burton,https://www.theyworkforyou.com/mp/24826/andrew_griffiths/burton
10248,John Grogan,John,Grogan,Labour,Keighley,https://www.theyworkforyou.com/mp/10248/john_grogan/keighley
11531,Andrew Gwynne,Andrew,Gwynne,Labour,Denton and Reddish,https://www.theyworkforyou.com/mp/11531/andrew_gwynne/denton_and_reddish
24789,Sam Gyimah,Sam,Gyimah,Conservative,East Surrey,https://www.theyworkforyou.com/mp/24789/sam_gyimah/east_surrey
25357,Louise Haigh,Louise,Haigh,Labour,"Sheffield, Heeley",https://www.theyworkforyou.com/mp/25357/louise_haigh/sheffield%2C_heeley
25616,Kirstene Hair,Kirstene,Hair,Conservative,Angus,https://www.theyworkforyou.com/mp/25616/kirstene_hair/angus
24784,Robert Halfon,Robert,Halfon,Conservative,Harlow,https://www.theyworkforyou.com/mp/24784/robert_halfon/harlow
25373,Luke Hall,Luke,Hall,Conservative,Thornbury and Yate,https://www.theyworkforyou.com/mp/25373/luke_hall/thornbury_and_yate
10256,Fabian Hamilton,Fabian,Hamilton,Labour,Leeds North East,https://www.theyworkforyou.com/mp/10256/fabian_hamilton/leeds_north_east
10257,Philip Hammond,Philip,Hammond,Conservative,Runnymede and Weybridge,https://www.theyworkforyou.com/mp/10257/philip_hammond/runnymede_and_weybridge
11927,Stephen Hammond,Stephen,Hammond,Conservative,Wimbledon,https://www.theyworkforyou.com/mp/11927/stephen_hammond/wimbledon
24773,Matthew Hancock,Matthew,Hancock,Conservative,West Suffolk,https://www.theyworkforyou.com/mp/24773/matthew_hancock/west_suffolk
11610,Greg Hands,Greg,Hands,Conservative,Chelsea and Fulham,https://www.theyworkforyou.com/mp/11610/greg_hands/chelsea_and_fulham
10259,David Hanson,David,Hanson,Labour,Delyn,https://www.theyworkforyou.com/mp/10259/david_hanson/delyn
25646,Emma Hardy,Emma,Hardy,Labour,Kingston upon Hull West and Hessle,https://www.theyworkforyou.com/mp/25646/emma_hardy/kingston_upon_hull_west_and_hessle
10260,Harriet Harman,Harriet,Harman,Labour,Camberwell and Peckham,https://www.theyworkforyou.com/mp/10260/harriet_harman/camberwell_and_peckham
11588,Mark Harper,Mark,Harper,Conservative,Forest of Dean,https://www.theyworkforyou.com/mp/11588/mark_harper/forest_of_dean
24954,Richard Harrington,Richard,Harrington,Conservative,Watford,https://www.theyworkforyou.com/mp/24954/richard_harrington/watford
25308,Carolyn Harris,Carolyn,Harris,Labour,Swansea East,https://www.theyworkforyou.com/mp/25308/carolyn_harris/swansea_east
24731,Rebecca Harris,Rebecca,Harris,Conservative,Castle Point,https://www.theyworkforyou.com/mp/24731/rebecca_harris/castle_point
25600,Trudy Harrison,Trudy,Harrison,Conservative,Copeland,https://www.theyworkforyou.com/mp/25600/trudy_harrison/copeland
24813,Simon Hart,Simon,Hart,Conservative,Carmarthen West and South Pembrokeshire,https://www.theyworkforyou.com/mp/24813/simon_hart/carmarthen_west_and_south_pembrokeshire
25310,Helen Hayes,Helen,Hayes,Labour,Dulwich and West Norwood,https://www.theyworkforyou.com/mp/25310/helen_hayes/dulwich_and_west_norwood
10265,John Hayes,John,Hayes,Conservative,South Holland and The Deepings,https://www.theyworkforyou.com/mp/10265/john_hayes/south_holland_and_the_deepings
25358,Sue Hayman,Sue,Hayman,Labour,Workington,https://www.theyworkforyou.com/mp/25358/sue_hayman/workington
25154,Christopher Hazzard,Christopher,Hazzard,Sinn Féin,South Down,https://www.theyworkforyou.com/mp/25154/christopher_hazzard/south_down
10267,Oliver Heald,Oliver,Heald,Conservative,North East Hertfordshire,https://www.theyworkforyou.com/mp/10267/oliver_heald/north_east_hertfordshire
10268,John Healey,John,Healey,Labour,Wentworth and Dearne,https://www.theyworkforyou.com/mp/10268/john_healey/wentworth_and_dearne
25438,James Heappey,James,Heappey,Conservative,Wells,https://www.theyworkforyou.com/mp/25438/james_heappey/wells
24841,Chris Heaton-Harris,Chris,Heaton-Harris,Conservative,Daventry,https://www.theyworkforyou.com/mp/24841/chris_heaton-harris/daventry
25412,Peter Heaton-Jones,Peter,Heaton-Jones,Conservative,North Devon,https://www.theyworkforyou.com/mp/25412/peter_heaton-jones/north_devon
24828,Gordon Henderson,Gordon,Henderson,Conservative,Sittingbourne and Sheppey,https://www.theyworkforyou.com/mp/24828/gordon_henderson/sittingbourne_and_sheppey
10682,Mark Hendrick,Mark,Hendrick,Labour/Co-operative,Preston,https://www.theyworkforyou.com/mp/10682/mark_hendrick/preston
25382,Drew Hendry,Drew,Hendry,Scottish National Party,"Inverness, Nairn, Badenoch and Strathspey",https://www.theyworkforyou.com/mp/25382/drew_hendry/inverness%2C_nairn%2C_badenoch_and_strathspey
10274,Stephen Hepburn,Stephen,Hepburn,Labour,Jarrow,https://www.theyworkforyou.com/mp/10274/stephen_hepburn/jarrow
11377,Nick Herbert,Nick,Herbert,Conservative,Arundel and South Downs,https://www.theyworkforyou.com/mp/11377/nick_herbert/arundel_and_south_downs
10958,Sylvia Hermon,Sylvia,Hermon,Independent,North Down,https://www.theyworkforyou.com/mp/10958/sylvia_hermon/north_down
25619,Mike Hill,Mike,Hill,Labour,Hartlepool,https://www.theyworkforyou.com/mp/25619/mike_hill/hartlepool
11605,Meg Hillier,Meg,Hillier,Labour/Co-operative,Hackney South and Shoreditch,https://www.theyworkforyou.com/mp/11605/meg_hillier/hackney_south_and_shoreditch
24782,Damian Hinds,Damian,Hinds,Conservative,East Hampshire,https://www.theyworkforyou.com/mp/24782/damian_hinds/east_hampshire
25427,Simon Hoare,Simon,Hoare,Conservative,North Dorset,https://www.theyworkforyou.com/mp/25427/simon_hoare/north_dorset
25648,Wera Hobhouse,Wera,Hobhouse,Liberal Democrat,Bath,https://www.theyworkforyou.com/mp/25648/wera_hobhouse/bath
10281,Margaret Hodge,Margaret,Hodge,Labour,Barking,https://www.theyworkforyou.com/mp/10281/margaret_hodge/barking
11592,Sharon Hodgson,Sharon,Hodgson,Labour,Washington and Sunderland West,https://www.theyworkforyou.com/mp/11592/sharon_hodgson/washington_and_sunderland_west
10282,Kate Hoey,Kate,Hoey,Labour,Vauxhall,https://www.theyworkforyou.com/mp/10282/kate_hoey/vauxhall
25298,Kate Hollern,Kate,Hollern,Labour,Blackburn,https://www.theyworkforyou.com/mp/25298/kate_hollern/blackburn
24936,George Hollingbery,George,Hollingbery,Conservative,Meon Valley,https://www.theyworkforyou.com/mp/24936/george_hollingbery/meon_valley
25415,Kevin Hollinrake,Kevin,Hollinrake,Conservative,Thirsk and Malton,https://www.theyworkforyou.com/mp/25415/kevin_hollinrake/thirsk_and_malton
11661,Philip Hollobone,Philip,Hollobone,Conservative,Kettering,https://www.theyworkforyou.com/mp/11661/philip_hollobone/kettering
11599,Adam Holloway,Adam,Holloway,Conservative,Gravesham,https://www.theyworkforyou.com/mp/11599/adam_holloway/gravesham
10288,Kelvin Hopkins,Kelvin,Hopkins,Independent,Luton North,https://www.theyworkforyou.com/mp/10288/kelvin_hopkins/luton_north
11973,Stewart Hosie,Stewart,Hosie,Scottish National Party,Dundee East,https://www.theyworkforyou.com/mp/11973/stewart_hosie/dundee_east
10292,George Howarth,George,Howarth,Labour,Knowsley,https://www.theyworkforyou.com/mp/10292/george_howarth/knowsley
14131,John Howell,John,Howell,Conservative,Henley,https://www.theyworkforyou.com/mp/14131/john_howell/henley
10295,Lindsay Hoyle,Lindsay,Hoyle,Labour,Chorley,https://www.theyworkforyou.com/mp/10295/lindsay_hoyle/chorley
25381,Nigel Huddleston,Nigel,Huddleston,Conservative,Mid Worcestershire,https://www.theyworkforyou.com/mp/25381/nigel_huddleston/mid_worcestershire
25699,Eddie Hughes,Eddie,Hughes,Conservative,Walsall North,https://www.theyworkforyou.com/mp/25699/eddie_hughes/walsall_north
11859,Jeremy Hunt,Jeremy,Hunt,Conservative,South West Surrey,https://www.theyworkforyou.com/mp/11859/jeremy_hunt/south_west_surrey
25284,Rupa Huq,Rupa,Huq,Labour,Ealing Central and Acton,https://www.theyworkforyou.com/mp/25284/rupa_huq/ealing_central_and_acton
11792,Nick Hurd,Nick,Hurd,Conservative,"Ruislip, Northwood and Pinner",https://www.theyworkforyou.com/mp/11792/nick_hurd/ruislip%2C_northwood_and_pinner
25375,Imran Hussain,Imran,Hussain,Labour,Bradford East,https://www.theyworkforyou.com/mp/25375/imran_hussain/bradford_east
25674,Alister Jack,Alister,Jack,Conservative,Dumfries and Galloway,https://www.theyworkforyou.com/mp/25674/alister_jack/dumfries_and_galloway
24876,Margot James,Margot,James,Conservative,Stourbridge,https://www.theyworkforyou.com/mp/24876/margot_james/stourbridge
25675,Christine Jardine,Christine,Jardine,Liberal Democrat,Edinburgh West,https://www.theyworkforyou.com/mp/25675/christine_jardine/edinburgh_west
25067,Dan Jarvis,Dan,Jarvis,Labour,Barnsley Central,https://www.theyworkforyou.com/mp/25067/dan_jarvis/barnsley_central
24854,Sajid Javid,Sajid,Javid,Conservative,Bromsgrove,https://www.theyworkforyou.com/mp/24854/sajid_javid/bromsgrove
25419,Ranil Jayawardena,Ranil,Jayawardena,Conservative,North East Hampshire,https://www.theyworkforyou.com/mp/25419/ranil_jayawardena/north_east_hampshire
10312,Bernard Jenkin,Bernard,Jenkin,Conservative,Harwich and North Essex,https://www.theyworkforyou.com/mp/10312/bernard_jenkin/harwich_and_north_essex
25431,Andrea Jenkyns,Andrea,Jenkyns,Conservative,Morley and Outwood,https://www.theyworkforyou.com/mp/25431/andrea_jenkyns/morley_and_outwood
25227,Robert Jenrick,Robert,Jenrick,Conservative,Newark,https://www.theyworkforyou.com/mp/25227/robert_jenrick/newark
10999,Boris Johnson,Boris,Johnson,Conservative,Uxbridge and South Ruislip,https://www.theyworkforyou.com/mp/10999/boris_johnson/uxbridge_and_south_ruislip
25597,Caroline Johnson,Caroline,Johnson,Conservative,Sleaford and North Hykeham,https://www.theyworkforyou.com/mp/25597/dr_caroline_johnson/sleaford_and_north_hykeham
11647,Diana R. Johnson,Diana R.,Johnson,Labour,Kingston upon Hull North,https://www.theyworkforyou.com/mp/11647/diana_r._johnson/kingston_upon_hull_north
24803,Gareth Johnson,Gareth,Johnson,Conservative,Dartford,https://www.theyworkforyou.com/mp/24803/gareth_johnson/dartford
24895,Jo Johnson,Jo,Johnson,Conservative,Orpington,https://www.theyworkforyou.com/mp/24895/jo_johnson/orpington
24758,Andrew Jones,Andrew,Jones,Conservative,Harrogate and Knaresborough,https://www.theyworkforyou.com/mp/24758/andrew_jones/harrogate_and_knaresborough
25637,Darren Jones,Darren,Jones,Labour,Bristol North West,https://www.theyworkforyou.com/mp/25637/darren_jones/bristol_north_west
11506,David Jones,David,Jones,Conservative,Clwyd West,https://www.theyworkforyou.com/mp/11506/david_jones/clwyd_west
25289,Gerald Jones,Gerald,Jones,Labour,Merthyr Tydfil and Rhymney,https://www.theyworkforyou.com/mp/25289/gerald_jones/merthyr_tydfil_and_rhymney
24835,Graham Jones,Graham,Jones,Labour,Hyndburn,https://www.theyworkforyou.com/mp/24835/graham_jones/hyndburn
10319,Helen Jones,Helen,Jones,Labour,Warrington North,https://www.theyworkforyou.com/mp/10319/helen_jones/warrington_north
11003,Kevan Jones,Kevan,Jones,Labour,North Durham,https://www.theyworkforyou.com/mp/11003/kevan_jones/north_durham
24745,Marcus Jones,Marcus,Jones,Conservative,Nuneaton,https://www.theyworkforyou.com/mp/24745/marcus_jones/nuneaton
25746,Ruth Jones,Ruth,Jones,Labour,Newport West,https://www.theyworkforyou.com/mp/25746/ruth_jones/newport_west
25673,Sarah Jones,Sarah,Jones,Labour,Croydon Central,https://www.theyworkforyou.com/mp/25673/sarah_jones/croydon_central
24720,Susan Elan Jones,Susan Elan,Jones,Labour,Clwyd South,https://www.theyworkforyou.com/mp/24720/susan_elan_jones/clwyd_south
25220,Mike Kane,Mike,Kane,Labour,Wythenshawe and Sale East,https://www.theyworkforyou.com/mp/25220/mike_kane/wythenshawe_and_sale_east
11817,Daniel Kawczynski,Daniel,Kawczynski,Conservative,Shrewsbury and Atcham,https://www.theyworkforyou.com/mp/11817/daniel_kawczynski/shrewsbury_and_atcham
25670,Gillian Keegan,Gillian,Keegan,Conservative,Chichester,https://www.theyworkforyou.com/mp/25670/gillian_keegan/chichester
11943,Barbara Keeley,Barbara,Keeley,Labour,Worsley and Eccles South,https://www.theyworkforyou.com/mp/11943/barbara_keeley/worsley_and_eccles_south
24816,Liz Kendall,Liz,Kendall,Labour,Leicester West,https://www.theyworkforyou.com/mp/24816/liz_kendall/leicester_west
25389,Seema Kennedy,Seema,Kennedy,Conservative,South Ribble,https://www.theyworkforyou.com/mp/25389/seema_kennedy/south_ribble
25696,Stephen Kerr,Stephen,Kerr,Conservative,Stirling,https://www.theyworkforyou.com/mp/25696/stephen_kerr/stirling
25662,Afzal Khan,Afzal,Khan,Labour,"Manchester, Gorton",https://www.theyworkforyou.com/mp/25662/afzal_khan/manchester%2C_gorton
25612,Ged Killen,Ged,Killen,Labour/Co-operative,Rutherglen and Hamilton West,https://www.theyworkforyou.com/mp/25612/ged_killen/rutherglen_and_hamilton_west
25297,Stephen Kinnock,Stephen,Kinnock,Labour,Aberavon,https://www.theyworkforyou.com/mp/25297/stephen_kinnock/aberavon
11026,Greg Knight,Greg,Knight,Conservative,East Yorkshire,https://www.theyworkforyou.com/mp/11026/greg_knight/east_yorkshire
25388,Julian Knight,Julian,Knight,Conservative,Solihull,https://www.theyworkforyou.com/mp/25388/julian_knight/solihull
24770,Kwasi Kwarteng,Kwasi,Kwarteng,Conservative,Spelthorne,https://www.theyworkforyou.com/mp/24770/kwasi_kwarteng/spelthorne
25418,Peter Kyle,Peter,Kyle,Labour,Hove,https://www.theyworkforyou.com/mp/25418/peter_kyle/hove
10348,Eleanor Laing,Eleanor,Laing,Conservative,Epping Forest,https://www.theyworkforyou.com/mp/10348/eleanor_laing/epping_forest
25653,Lesley Laird,Lesley,Laird,Labour,Kirkcaldy and Cowdenbeath,https://www.theyworkforyou.com/mp/25653/lesley_laird/kirkcaldy_and_cowdenbeath
25669,Ben Lake,Ben,Lake,Plaid Cymru,Ceredigion,https://www.theyworkforyou.com/mp/25669/ben_lake/ceredigion
11032,Norman Lamb,Norman,Lamb,Liberal Democrat,North Norfolk,https://www.theyworkforyou.com/mp/11032/norman_lamb/north_norfolk
10678,David Lammy,David,Lammy,Labour,Tottenham,https://www.theyworkforyou.com/mp/10678/david_lammy/tottenham
14026,John Lamont,John,Lamont,Conservative,"Berwickshire, Roxburgh and Selkirk",https://www.theyworkforyou.com/mp/14026/john_lamont/berwickshire%2C_roxburgh_and_selkirk
11715,Mark Lancaster,Mark,Lancaster,Conservative,Milton Keynes North,https://www.theyworkforyou.com/mp/11715/mark_lancaster/milton_keynes_north
24821,Pauline Latham,Pauline,Latham,Conservative,Mid Derbyshire,https://www.theyworkforyou.com/mp/24821/pauline_latham/mid_derbyshire
24963,Ian Lavery,Ian,Lavery,Labour,Wansbeck,https://www.theyworkforyou.com/mp/24963/ian_lavery/wansbeck
25270,Chris Law,Chris,Law,Scottish National Party,Dundee West,https://www.theyworkforyou.com/mp/25270/chris_law/dundee_west
24829,Andrea Leadsom,Andrea,Leadsom,Conservative,South Northamptonshire,https://www.theyworkforyou.com/mp/24829/andrea_leadsom/south_northamptonshire
25682,Karen Lee,Karen,Lee,Labour,Lincoln,https://www.theyworkforyou.com/mp/25682/karen_lee/lincoln
24765,Phillip Lee,Phillip,Lee,Conservative,Bracknell,https://www.theyworkforyou.com/mp/24765/phillip_lee/bracknell
24760,Jeremy Lefroy,Jeremy,Lefroy,Conservative,Stafford,https://www.theyworkforyou.com/mp/24760/jeremy_lefroy/stafford
10352,Edward Leigh,Edward,Leigh,Conservative,Gainsborough,https://www.theyworkforyou.com/mp/10352/edward_leigh/gainsborough
10354,Chris Leslie,Chris,Leslie,Independent,Nottingham East,https://www.theyworkforyou.com/mp/10354/chris_leslie/nottingham_east
10355,Oliver Letwin,Oliver,Letwin,Conservative,West Dorset,https://www.theyworkforyou.com/mp/10355/oliver_letwin/west_dorset
25181,Emma Lewell-Buck,Emma,Lewell-Buck,Labour,South Shields,https://www.theyworkforyou.com/mp/25181/emma_lewell-buck/south_shields
25686,Andrew Lewer,Andrew,Lewer,Conservative,Northampton South,https://www.theyworkforyou.com/mp/25686/andrew_lewer/northampton_south
24879,Brandon Lewis,Brandon,Lewis,Conservative,Great Yarmouth,https://www.theyworkforyou.com/mp/24879/brandon_lewis/great_yarmouth
25356,Clive Lewis,Clive,Lewis,Labour,Norwich South,https://www.theyworkforyou.com/mp/25356/clive_lewis/norwich_south
10357,Ivan Lewis,Ivan,Lewis,Independent,Bury South,https://www.theyworkforyou.com/mp/10357/ivan_lewis/bury_south
10358,Julian Lewis,Julian,Lewis,Conservative,New Forest East,https://www.theyworkforyou.com/mp/10358/julian_lewis/new_forest_east
11048,Ian Liddell-Grainger,Ian,Liddell-Grainger,Conservative,Bridgwater and West Somerset,https://www.theyworkforyou.com/mp/11048/ian_liddell-grainger/bridgwater_and_west_somerset
10361,David Lidington,David,Lidington,Conservative,Aylesbury,https://www.theyworkforyou.com/mp/10361/david_lidington/aylesbury
25677,David Linden,David,Linden,Scottish National Party,Glasgow East,https://www.theyworkforyou.com/mp/25677/david_linden/glasgow_east
25452,Emma Little Pengelly,Emma,Little Pengelly,DUP,Belfast South,https://www.theyworkforyou.com/mp/25452/emma_little_pengelly/belfast_south
24754,Stephen Lloyd,Stephen,Lloyd,Independent,Eastbourne,https://www.theyworkforyou.com/mp/24754/stephen_lloyd/eastbourne
10367,Tony Lloyd,Tony,Lloyd,Labour,Rochdale,https://www.theyworkforyou.com/mp/10367/tony_lloyd/rochdale
25368,Rebecca Long-Bailey,Rebecca,Long-Bailey,Labour,Salford and Eccles,https://www.theyworkforyou.com/mp/25368/rebecca_long-bailey/salford_and_eccles
25652,Julia Lopez,Julia,Lopez,Conservative,Hornchurch and Upminster,https://www.theyworkforyou.com/mp/25652/julia_lopez/hornchurch_and_upminster
24716,Jack Lopresti,Jack,Lopresti,Conservative,Filton and Bradley Stoke,https://www.theyworkforyou.com/mp/24716/jack_lopresti/filton_and_bradley_stoke
24884,Jonathan Lord,Jonathan,Lord,Conservative,Woking,https://www.theyworkforyou.com/mp/24884/jonathan_lord/woking
10371,Tim Loughton,Tim,Loughton,Conservative,East Worthing and Shoreham,https://www.theyworkforyou.com/mp/10371/tim_loughton/east_worthing_and_shoreham
24910,Caroline Lucas,Caroline,Lucas,Green,"Brighton, Pavilion",https://www.theyworkforyou.com/mp/24910/caroline_lucas/brighton%2C_pavilion
11057,Ian Lucas,Ian,Lucas,Labour,Wrexham,https://www.theyworkforyou.com/mp/11057/ian_lucas/wrexham
25434,Holly Lynch,Holly,Lynch,Labour,Halifax,https://www.theyworkforyou.com/mp/25434/holly_lynch/halifax
25437,Craig Mackinlay,Craig,Mackinlay,Conservative,South Thanet,https://www.theyworkforyou.com/mp/25437/craig_mackinlay/south_thanet
25692,Rachel Maclean,Rachel,Maclean,Conservative,Redditch,https://www.theyworkforyou.com/mp/25692/rachel_maclean/redditch
12004,Angus MacNeil,Angus,MacNeil,Scottish National Party,Na h-Eileanan an Iar,https://www.theyworkforyou.com/mp/12004/angus_macneil/na_h-eileanan_an_iar
25378,Justin Madders,Justin,Madders,Labour,Ellesmere Port and Neston,https://www.theyworkforyou.com/mp/25378/justin_madders/ellesmere_port_and_neston
11087,Khalid Mahmood,Khalid,Mahmood,Labour,"Birmingham, Perry Barr",https://www.theyworkforyou.com/mp/11087/khalid_mahmood/birmingham%2C_perry_barr
24788,Shabana Mahmood,Shabana,Mahmood,Labour,"Birmingham, Ladywood",https://www.theyworkforyou.com/mp/24788/shabana_mahmood/birmingham%2C_ladywood
11798,Anne Main,Anne,Main,Conservative,St Albans,https://www.theyworkforyou.com/mp/11798/anne_main/st_albans
25285,Alan Mak,Alan,Mak,Conservative,Havant,https://www.theyworkforyou.com/mp/25285/alan_mak/havant
25150,Seema Malhotra,Seema,Malhotra,Labour/Co-operative,Feltham and Heston,https://www.theyworkforyou.com/mp/25150/seema_malhotra/feltham_and_heston
25346,Kit Malthouse,Kit,Malthouse,Conservative,North West Hampshire,https://www.theyworkforyou.com/mp/25346/kit_malthouse/north_west_hampshire
11093,John Mann,John,Mann,Labour,Bassetlaw,https://www.theyworkforyou.com/mp/11093/john_mann/bassetlaw
25383,Scott Mann,Scott,Mann,Conservative,North Cornwall,https://www.theyworkforyou.com/mp/25383/scott_mann/north_cornwall
10415,Gordon Marsden,Gordon,Marsden,Labour,Blackpool South,https://www.theyworkforyou.com/mp/10415/gordon_marsden/blackpool_south
25635,Sandy Martin,Sandy,Martin,Labour,Ipswich,https://www.theyworkforyou.com/mp/25635/sandy_martin/ipswich
25433,Rachael Maskell,Rachael,Maskell,Labour/Co-operative,York Central,https://www.theyworkforyou.com/mp/25433/rachael_maskell/york_central
13904,Paul Maskey,Paul,Maskey,Sinn Féin,Belfast West,https://www.theyworkforyou.com/mp/13904/paul_maskey/belfast_west
25654,Paul Masterton,Paul,Masterton,Conservative,East Renfrewshire,https://www.theyworkforyou.com/mp/25654/paul_masterton/east_renfrewshire
25411,Chris Matheson,Chris,Matheson,Labour,City of Chester,https://www.theyworkforyou.com/mp/25411/chris_matheson/city_of_chester
10426,Theresa May,Theresa,May,Conservative,Maidenhead,https://www.theyworkforyou.com/mp/10426/theresa_may/maidenhead
24764,Paul Maynard,Paul,Maynard,Conservative,Blackpool North and Cleveleys,https://www.theyworkforyou.com/mp/24764/paul_maynard/blackpool_north_and_cleveleys
10377,Steve McCabe,Steve,McCabe,Labour,"Birmingham, Selly Oak",https://www.theyworkforyou.com/mp/10377/steve_mccabe/birmingham%2C_selly_oak
25604,Elisha McCallion,Elisha,McCallion,Sinn Féin,Foyle,https://www.theyworkforyou.com/mp/25604/elisha_mccallion/foyle
11455,Kerry McCarthy,Kerry,McCarthy,Labour,Bristol East,https://www.theyworkforyou.com/mp/11455/kerry_mccarthy/bristol_east
10381,Siobhain McDonagh,Siobhain,McDonagh,Labour,Mitcham and Morden,https://www.theyworkforyou.com/mp/10381/siobhain_mcdonagh/mitcham_and_morden
25169,Andy McDonald,Andy,McDonald,Labour,Middlesbrough,https://www.theyworkforyou.com/mp/25169/andy_mcdonald/middlesbrough
25322,Stewart McDonald,Stewart,McDonald,Scottish National Party,Glasgow South,https://www.theyworkforyou.com/mp/25322/stewart_mcdonald/glasgow_south
25301,Stuart McDonald,Stuart,McDonald,Scottish National Party,"Cumbernauld, Kilsyth and Kirkintilloch East",https://www.theyworkforyou.com/mp/25301/stuart_mcdonald/cumbernauld%2C_kilsyth_and_kirkintilloch_east
10383,John Martin McDonnell,John Martin,McDonnell,Labour,Hayes and Harlington,https://www.theyworkforyou.com/mp/10383/john_martin_mcdonnell/hayes_and_harlington
11936,Pat McFadden,Pat,McFadden,Labour,Wolverhampton South East,https://www.theyworkforyou.com/mp/11936/pat_mcfadden/wolverhampton_south_east
25423,Conor McGinn,Conor,McGinn,Labour,St Helens North,https://www.theyworkforyou.com/mp/25423/conor_mcginn/st_helens_north
24897,Alison McGovern,Alison,McGovern,Labour,Wirral South,https://www.theyworkforyou.com/mp/24897/alison_mcgovern/wirral_south
25230,Liz McInnes,Liz,McInnes,Labour,Heywood and Middleton,https://www.theyworkforyou.com/mp/25230/liz_mcinnes/heywood_and_middleton
24818,Catherine McKinnell,Catherine,McKinnell,Labour,Newcastle upon Tyne North,https://www.theyworkforyou.com/mp/24818/catherine_mckinnell/newcastle_upon_tyne_north
10397,Patrick McLoughlin,Patrick,McLoughlin,Conservative,Derbyshire Dales,https://www.theyworkforyou.com/mp/10397/patrick_mcloughlin/derbyshire_dales
25475,Jim McMahon,Jim,McMahon,Labour/Co-operative,Oldham West and Royton,https://www.theyworkforyou.com/mp/25475/jim_mcmahon/oldham_west_and_royton
25647,Anna McMorrin,Anna,McMorrin,Labour,Cardiff North,https://www.theyworkforyou.com/mp/25647/anna_mcmorrin/cardiff_north
25271,John McNally,John,McNally,Scottish National Party,Falkirk,https://www.theyworkforyou.com/mp/25271/john_mcnally/falkirk
24888,Stephen McPartland,Stephen,McPartland,Conservative,Stevenage,https://www.theyworkforyou.com/mp/24888/stephen_mcpartland/stevenage
24882,Esther McVey,Esther,McVey,Conservative,Tatton,https://www.theyworkforyou.com/mp/24882/esther_mcvey/tatton
24919,Ian Mearns,Ian,Mearns,Labour,Gateshead,https://www.theyworkforyou.com/mp/24919/ian_mearns/gateshead
24804,Mark Menzies,Mark,Menzies,Conservative,Fylde,https://www.theyworkforyou.com/mp/24804/mark_menzies/fylde
25367,Johnny Mercer,Johnny,Mercer,Conservative,"Plymouth, Moor View",https://www.theyworkforyou.com/mp/25367/johnny_mercer/plymouth%2C_moor_view
25426,Huw Merriman,Huw,Merriman,Conservative,Bexhill and Battle,https://www.theyworkforyou.com/mp/25426/huw_merriman/bexhill_and_battle
24749,Stephen Metcalfe,Stephen,Metcalfe,Conservative,South Basildon and East Thurrock,https://www.theyworkforyou.com/mp/24749/stephen_metcalfe/south_basildon_and_east_thurrock
11545,Ed Miliband,Ed,Miliband,Labour,Doncaster North,https://www.theyworkforyou.com/mp/11545/ed_miliband/doncaster_north
11389,Maria Miller,Maria,Miller,Conservative,Basingstoke,https://www.theyworkforyou.com/mp/11389/maria_miller/basingstoke
25350,Amanda Milling,Amanda,Milling,Conservative,Cannock Chase,https://www.theyworkforyou.com/mp/25350/amanda_milling/cannock_chase
24965,Nigel Mills,Nigel,Mills,Conservative,Amber Valley,https://www.theyworkforyou.com/mp/24965/nigel_mills/amber_valley
11603,Anne Milton,Anne,Milton,Conservative,Guildford,https://www.theyworkforyou.com/mp/11603/anne_milton/guildford
11115,Andrew Mitchell,Andrew,Mitchell,Conservative,Sutton Coldfield,https://www.theyworkforyou.com/mp/11115/andrew_mitchell/sutton_coldfield
13836,Francie Molloy,Francie,Molloy,Sinn Féin,Mid Ulster,https://www.theyworkforyou.com/mp/13836/francie_molloy/mid_ulster
25406,Carol Monaghan,Carol,Monaghan,Scottish National Party,Glasgow North West,https://www.theyworkforyou.com/mp/25406/carol_monaghan/glasgow_north_west
11450,Madeleine Moon,Madeleine,Moon,Labour,Bridgend,https://www.theyworkforyou.com/mp/11450/madeleine_moon/bridgend
25630,Damien Moore,Damien,Moore,Conservative,Southport,https://www.theyworkforyou.com/mp/25630/damien_moore/southport
25689,Layla Moran,Layla,Moran,Liberal Democrat,Oxford West and Abingdon,https://www.theyworkforyou.com/mp/25689/layla_moran/oxford_west_and_abingdon
24938,Penny Mordaunt,Penny,Mordaunt,Conservative,Portsmouth North,https://www.theyworkforyou.com/mp/24938/penny_mordaunt/portsmouth_north
11732,Jessica Morden,Jessica,Morden,Labour,Newport East,https://www.theyworkforyou.com/mp/11732/jessica_morden/newport_east
24732,Nicky Morgan,Nicky,Morgan,Conservative,Loughborough,https://www.theyworkforyou.com/mp/24732/nicky_morgan/loughborough
25658,Stephen Morgan,Stephen,Morgan,Labour,Portsmouth South,https://www.theyworkforyou.com/mp/25658/stephen_morgan/portsmouth_south
24912,Anne Marie Morris,Anne Marie,Morris,Conservative,Newton Abbot,https://www.theyworkforyou.com/mp/24912/anne_marie_morris/newton_abbot
24966,David Morris,David,Morris,Conservative,Morecambe and Lunesdale,https://www.theyworkforyou.com/mp/24966/david_morris/morecambe_and_lunesdale
24715,Grahame Morris,Grahame,Morris,Labour,Easington,https://www.theyworkforyou.com/mp/24715/grahame_morris/easington
24855,James Morris,James,Morris,Conservative,Halesowen and Rowley Regis,https://www.theyworkforyou.com/mp/24855/james_morris/halesowen_and_rowley_regis
25342,Wendy Morton,Wendy,Morton,Conservative,Aldridge-Brownhills,https://www.theyworkforyou.com/mp/25342/wendy_morton/aldridge-brownhills
11970,David Mundell,David,Mundell,Conservative,"Dumfriesshire, Clydesdale and Tweeddale",https://www.theyworkforyou.com/mp/11970/david_mundell/dumfriesshire%2C_clydesdale_and_tweeddale
24872,Ian Murray,Ian,Murray,Labour,Edinburgh South,https://www.theyworkforyou.com/mp/24872/ian_murray/edinburgh_south
24875,Sheryll Murray,Sheryll,Murray,Conservative,South East Cornwall,https://www.theyworkforyou.com/mp/24875/sheryll_murray/south_east_cornwall
11132,Andrew Murrison,Andrew,Murrison,Conservative,South West Wiltshire,https://www.theyworkforyou.com/mp/11132/andrew_murrison/south_west_wiltshire
24831,Lisa Nandy,Lisa,Nandy,Labour,Wigan,https://www.theyworkforyou.com/mp/24831/lisa_nandy/wigan
13736,Bob Neill,Bob,Neill,Conservative,Bromley and Chislehurst,https://www.theyworkforyou.com/mp/13736/bob_neill/bromley_and_chislehurst
25291,Gavin Newlands,Gavin,Newlands,Scottish National Party,Paisley and Renfrewshire North,https://www.theyworkforyou.com/mp/25291/gavin_newlands/paisley_and_renfrewshire_north
24948,Sarah Newton,Sarah,Newton,Conservative,Truro and Falmouth,https://www.theyworkforyou.com/mp/24948/sarah_newton/truro_and_falmouth
24809,Caroline Nokes,Caroline,Nokes,Conservative,Romsey and Southampton North,https://www.theyworkforyou.com/mp/24809/caroline_nokes/romsey_and_southampton_north
24827,Jesse Norman,Jesse,Norman,Conservative,Hereford and South Herefordshire,https://www.theyworkforyou.com/mp/24827/jesse_norman/hereford_and_south_herefordshire
25687,Alex Norris,Alex,Norris,Labour/Co-operative,Nottingham North,https://www.theyworkforyou.com/mp/25687/alex_norris/nottingham_north
25679,Neil O'Brien,Neil,O'Brien,Conservative,Harborough,https://www.theyworkforyou.com/mp/25679/neil_o%27brien/harborough
25370,Brendan O'Hara,Brendan,O'Hara,Scottish National Party,Argyll and Bute,https://www.theyworkforyou.com/mp/25370/brendan_o%27hara/argyll_and_bute
25636,Jared O'Mara,Jared,O'Mara,Independent,"Sheffield, Hallam",https://www.theyworkforyou.com/mp/25636/jared_o%27mara/sheffield%2C_hallam
24955,Matthew Offord,Matthew,Offord,Conservative,Hendon,https://www.theyworkforyou.com/mp/24955/matthew_offord/hendon
25638,Fiona Onasanya,Fiona,Onasanya,Independent,Peterborough,https://www.theyworkforyou.com/mp/25638/fiona_onasanya/peterborough
25317,Melanie Onn,Melanie,Onn,Labour,Great Grimsby,https://www.theyworkforyou.com/mp/25317/melanie_onn/great_grimsby
24807,Chi Onwurah,Chi,Onwurah,Labour,Newcastle upon Tyne Central,https://www.theyworkforyou.com/mp/24807/chi_onwurah/newcastle_upon_tyne_central
24962,Guy Opperman,Guy,Opperman,Conservative,Hexham,https://www.theyworkforyou.com/mp/24962/guy_opperman/hexham
25365,Kate Osamor,Kate,Osamor,Labour/Co-operative,Edmonton,https://www.theyworkforyou.com/mp/25365/kate_osamor/edmonton
11148,Albert Owen,Albert,Owen,Labour,Ynys Môn,https://www.theyworkforyou.com/mp/11148/albert_owen/ynys_mon
13852,Ian Paisley Jnr,Ian,Paisley Jnr,DUP,North Antrim,https://www.theyworkforyou.com/mp/13852/ian_paisley_jnr/north_antrim
24779,Neil Parish,Neil,Parish,Conservative,Tiverton and Honiton,https://www.theyworkforyou.com/mp/24779/neil_parish/tiverton_and_honiton
24778,Priti Patel,Priti,Patel,Conservative,Witham,https://www.theyworkforyou.com/mp/24778/priti_patel/witham
10473,Owen Paterson,Owen,Paterson,Conservative,North Shropshire,https://www.theyworkforyou.com/mp/10473/owen_paterson/north_shropshire
24880,Mark Pawsey,Mark,Pawsey,Conservative,Rugby,https://www.theyworkforyou.com/mp/24880/mark_pawsey/rugby
25617,Stephanie Peacock,Stephanie,Peacock,Labour,Barnsley East,https://www.theyworkforyou.com/mp/25617/stephanie_peacock/barnsley_east
24956,Teresa Pearce,Teresa,Pearce,Labour,Erith and Thamesmead,https://www.theyworkforyou.com/mp/24956/teresa_pearce/erith_and_thamesmead
11626,Mike Penning,Mike,Penning,Conservative,Hemel Hempstead,https://www.theyworkforyou.com/mp/11626/mike_penning/hemel_hempstead
25379,Matthew Pennycook,Matthew,Pennycook,Labour,Greenwich and Woolwich,https://www.theyworkforyou.com/mp/25379/matthew_pennycook/greenwich_and_woolwich
11924,John Penrose,John,Penrose,Conservative,Weston-Super-Mare,https://www.theyworkforyou.com/mp/11924/john_penrose/weston-super-mare
24832,Andrew Percy,Andrew,Percy,Conservative,Brigg and Goole,https://www.theyworkforyou.com/mp/24832/andrew_percy/brigg_and_goole
24845,Toby Perkins,Toby,Perkins,Labour,Chesterfield,https://www.theyworkforyou.com/mp/24845/toby_perkins/chesterfield
24915,Claire Perry,Claire,Perry,Conservative,Devizes,https://www.theyworkforyou.com/mp/24915/claire_perry/devizes
25364,Jess Phillips,Jess,Phillips,Labour,"Birmingham, Yardley",https://www.theyworkforyou.com/mp/25364/jess_phillips/birmingham%2C_yardley
24709,Bridget Phillipson,Bridget,Phillipson,Labour,Houghton and Sunderland South,https://www.theyworkforyou.com/mp/24709/bridget_phillipson/houghton_and_sunderland_south
25377,Chris Philp,Chris,Philp,Conservative,Croydon South,https://www.theyworkforyou.com/mp/25377/chris_philp/croydon_south
25640,Laura Pidcock,Laura,Pidcock,Labour,North West Durham,https://www.theyworkforyou.com/mp/25640/laura_pidcock/north_west_durham
24747,Christopher Pincher,Christopher,Pincher,Conservative,Tamworth,https://www.theyworkforyou.com/mp/24747/christopher_pincher/tamworth
25611,Jo Platt,Jo,Platt,Labour/Co-operative,Leigh,https://www.theyworkforyou.com/mp/25611/jo_platt/leigh
25690,Luke Pollard,Luke,Pollard,Labour/Co-operative,"Plymouth, Sutton and Devonport",https://www.theyworkforyou.com/mp/25690/luke_pollard/plymouth%2C_sutton_and_devonport
24756,Daniel Poulter,Daniel,Poulter,Conservative,Central Suffolk and North Ipswich,https://www.theyworkforyou.com/mp/24756/daniel_poulter/central_suffolk_and_north_ipswich
10484,Steve Pound,Steve,Pound,Labour,Ealing North,https://www.theyworkforyou.com/mp/10484/steve_pound/ealing_north
25407,Rebecca Pow,Rebecca,Pow,Conservative,Taunton Deane,https://www.theyworkforyou.com/mp/25407/rebecca_pow/taunton_deane
25165,Lucy Powell,Lucy,Powell,Labour/Co-operative,Manchester Central,https://www.theyworkforyou.com/mp/25165/lucy_powell/manchester_central
25420,Victoria Prentis,Victoria,Prentis,Conservative,Banbury,https://www.theyworkforyou.com/mp/25420/victoria_prentis/banbury
11172,Mark Prisk,Mark,Prisk,Conservative,Hertford and Stortford,https://www.theyworkforyou.com/mp/11172/mark_prisk/hertford_and_stortford
11946,Mark Pritchard,Mark,Pritchard,Conservative,The Wrekin,https://www.theyworkforyou.com/mp/11946/mark_pritchard/the_wrekin
25387,Tom Pursglove,Tom,Pursglove,Conservative,Corby,https://www.theyworkforyou.com/mp/25387/tom_pursglove/corby
25417,Jeremy Quin,Jeremy,Quin,Conservative,Horsham,https://www.theyworkforyou.com/mp/25417/jeremy_quin/horsham
25403,Will Quince,Will,Quince,Conservative,Colchester,https://www.theyworkforyou.com/mp/25403/will_quince/colchester
24775,Yasmin Qureshi,Yasmin,Qureshi,Labour,Bolton South East,https://www.theyworkforyou.com/mp/24775/yasmin_qureshi/bolton_south_east
24815,Dominic Raab,Dominic,Raab,Conservative,Esher and Walton,https://www.theyworkforyou.com/mp/24815/dominic_raab/esher_and_walton
25700,Faisal Rashid,Faisal,Rashid,Labour,Warrington South,https://www.theyworkforyou.com/mp/25700/faisal_rashid/warrington_south
25429,Angela Rayner,Angela,Rayner,Labour,Ashton-under-Lyne,https://www.theyworkforyou.com/mp/25429/angela_rayner/ashton-under-lyne
10499,John Redwood,John,Redwood,Conservative,Wokingham,https://www.theyworkforyou.com/mp/10499/john_redwood/wokingham
25170,Steve Reed,Steve,Reed,Labour/Co-operative,Croydon North,https://www.theyworkforyou.com/mp/25170/steve_reed/croydon_north
25332,Christina Rees,Christina,Rees,Labour/Co-operative,Neath,https://www.theyworkforyou.com/mp/25332/christina_rees/neath
24926,Jacob Rees-Mogg,Jacob,Rees-Mogg,Conservative,North East Somerset,https://www.theyworkforyou.com/mp/24926/jacob_rees-mogg/north_east_somerset
25681,Ellie Reeves,Ellie,Reeves,Labour,Lewisham West and Penge,https://www.theyworkforyou.com/mp/25681/ellie_reeves/lewisham_west_and_penge
24851,Rachel Reeves,Rachel,Reeves,Labour,Leeds West,https://www.theyworkforyou.com/mp/24851/rachel_reeves/leeds_west
24868,Emma Reynolds,Emma,Reynolds,Labour,Wolverhampton North East,https://www.theyworkforyou.com/mp/24868/emma_reynolds/wolverhampton_north_east
24929,Jonathan Reynolds,Jonathan,Reynolds,Labour/Co-operative,Stalybridge and Hyde,https://www.theyworkforyou.com/mp/24929/jonathan_reynolds/stalybridge_and_hyde
25321,Marie Rimmer,Marie,Rimmer,Labour,St Helens South and Whiston,https://www.theyworkforyou.com/mp/25321/marie_rimmer/st_helens_south_and_whiston
10505,Laurence Robertson,Laurence,Robertson,Conservative,Tewkesbury,https://www.theyworkforyou.com/mp/10505/laurence_robertson/tewkesbury
25280,Gavin Robinson,Gavin,Robinson,DUP,Belfast East,https://www.theyworkforyou.com/mp/25280/gavin_robinson/belfast_east
10506,Geoffrey Robinson,Geoffrey,Robinson,Labour,Coventry North West,https://www.theyworkforyou.com/mp/10506/geoffrey_robinson/coventry_north_west
25405,Mary Robinson,Mary,Robinson,Conservative,Cheadle,https://www.theyworkforyou.com/mp/25405/mary_robinson/cheadle
25691,Matt Rodda,Matt,Rodda,Labour,Reading East,https://www.theyworkforyou.com/mp/25691/matt_rodda/reading_east
11199,Andrew Rosindell,Andrew,Rosindell,Conservative,Romford,https://www.theyworkforyou.com/mp/11199/andrew_rosindell/romford
25531,Douglas Ross,Douglas,Ross,Conservative,Moray,https://www.theyworkforyou.com/mp/25531/douglas_ross/moray
25684,Danielle Rowley,Danielle,Rowley,Labour,Midlothian,https://www.theyworkforyou.com/mp/25684/danielle_rowley/midlothian
25685,Lee Rowley,Lee,Rowley,Conservative,North East Derbyshire,https://www.theyworkforyou.com/mp/25685/lee_rowley/north_east_derbyshire
10518,Chris Ruane,Chris,Ruane,Labour,Vale of Clwyd,https://www.theyworkforyou.com/mp/10518/chris_ruane/vale_of_clwyd
24795,Amber Rudd,Amber,Rudd,Conservative,Hastings and Rye,https://www.theyworkforyou.com/mp/24795/amber_rudd/hastings_and_rye
25667,Lloyd Russell-Moyle,Lloyd,Russell-Moyle,Labour/Co-operative,"Brighton, Kemptown",https://www.theyworkforyou.com/mp/25667/lloyd_russell-moyle/brighton%2C_kemptown
24820,David Rutley,David,Rutley,Conservative,Macclesfield,https://www.theyworkforyou.com/mp/24820/david_rutley/macclesfield
10523,Joan Ryan,Joan,Ryan,Independent,Enfield North,https://www.theyworkforyou.com/mp/10523/joan_ryan/enfield_north
25363,Antoinette Sandbach,Antoinette,Sandbach,Conservative,Eddisbury,https://www.theyworkforyou.com/mp/25363/antoinette_sandbach/eddisbury
25302,Liz Saville-Roberts,Liz,Saville-Roberts,Plaid Cymru,Dwyfor Meirionnydd,https://www.theyworkforyou.com/mp/25302/liz_saville-roberts/dwyfor_meirionnydd
25331,Paul Scully,Paul,Scully,Conservative,Sutton and Cheam,https://www.theyworkforyou.com/mp/25331/paul_scully/sutton_and_cheam
25645,Bob Seely,Bob,Seely,Conservative,Isle of Wight,https://www.theyworkforyou.com/mp/25645/bob_seely/isle_of_wight
11216,Andrew Selous,Andrew,Selous,Conservative,South West Bedfordshire,https://www.theyworkforyou.com/mp/11216/andrew_selous/south_west_bedfordshire
25385,Naseem Shah,Naseem,Shah,Labour,Bradford West,https://www.theyworkforyou.com/mp/25385/naseem_shah/bradford_west
13864,Jim Shannon,Jim,Shannon,DUP,Strangford,https://www.theyworkforyou.com/mp/13864/jim_shannon/strangford
11917,Grant Shapps,Grant,Shapps,Conservative,Welwyn Hatfield,https://www.theyworkforyou.com/mp/11917/grant_shapps/welwyn_hatfield
24902,Alok Sharma,Alok,Sharma,Conservative,Reading West,https://www.theyworkforyou.com/mp/24902/alok_sharma/reading_west
13934,Virendra Sharma,Virendra,Sharma,Labour,"Ealing, Southall",https://www.theyworkforyou.com/mp/13934/virendra_sharma/ealing%2C_southall
10534,Barry Sheerman,Barry,Sheerman,Labour/Co-operative,Huddersfield,https://www.theyworkforyou.com/mp/10534/barry_sheerman/huddersfield
24893,Alec Shelbrooke,Alec,Shelbrooke,Conservative,Elmet and Rothwell,https://www.theyworkforyou.com/mp/24893/alec_shelbrooke/elmet_and_rothwell
25341,Tommy Sheppard,Tommy,Sheppard,Scottish National Party,Edinburgh East,https://www.theyworkforyou.com/mp/25341/tommy_sheppard/edinburgh_east
25421,Paula Sherriff,Paula,Sherriff,Labour,Dewsbury,https://www.theyworkforyou.com/mp/25421/paula_sherriff/dewsbury
24847,Gavin Shuker,Gavin,Shuker,Independent,Luton South,https://www.theyworkforyou.com/mp/24847/gavin_shuker/luton_south
25344,Tulip Siddiq,Tulip,Siddiq,Labour,Hampstead and Kilburn,https://www.theyworkforyou.com/mp/25344/tulip_siddiq/hampstead_and_kilburn
11892,David Simpson,David,Simpson,DUP,Upper Bann,https://www.theyworkforyou.com/mp/11892/david_simpson/upper_bann
10542,Keith Simpson,Keith,Simpson,Conservative,Broadland,https://www.theyworkforyou.com/mp/10542/keith_simpson/broadland
24713,Chris Skidmore,Chris,Skidmore,Conservative,Kingswood,https://www.theyworkforyou.com/mp/24713/chris_skidmore/kingswood
10544,Dennis Skinner,Dennis,Skinner,Labour,Bolsover,https://www.theyworkforyou.com/mp/10544/dennis_skinner/bolsover
11559,Andrew Slaughter,Andrew,Slaughter,Labour,Hammersmith,https://www.theyworkforyou.com/mp/11559/andrew_slaughter/hammersmith
25435,Ruth Smeeth,Ruth,Smeeth,Labour,Stoke-on-Trent North,https://www.theyworkforyou.com/mp/25435/ruth_smeeth/stoke-on-trent_north
11814,Angela Smith,Angela,Smith,Independent,Penistone and Stocksbridge,https://www.theyworkforyou.com/mp/11814/angela_smith/penistone_and_stocksbridge
25432,Cat Smith,Cat,Smith,Labour,Lancaster and Fleetwood,https://www.theyworkforyou.com/mp/25432/cat_smith/lancaster_and_fleetwood
24691,Chloe Smith,Chloe,Smith,Conservative,Norwich North,https://www.theyworkforyou.com/mp/24691/chloe_smith/norwich_north
25631,Eleanor Smith,Eleanor,Smith,Labour,Wolverhampton South West,https://www.theyworkforyou.com/mp/25631/eleanor_smith/wolverhampton_south_west
24802,Henry Smith,Henry,Smith,Conservative,Crawley,https://www.theyworkforyou.com/mp/24802/henry_smith/crawley
25366,Jeff Smith,Jeff,Smith,Labour,"Manchester, Withington",https://www.theyworkforyou.com/mp/25366/jeff_smith/manchester%2C_withington
24961,Julian Smith,Julian,Smith,Conservative,Skipton and Ripon,https://www.theyworkforyou.com/mp/24961/julian_smith/skipton_and_ripon
25672,Laura Smith,Laura,Smith,Labour,Crewe and Nantwich,https://www.theyworkforyou.com/mp/25672/laura_smith/crewe_and_nantwich
24728,Nick Smith,Nick,Smith,Labour,Blaenau Gwent,https://www.theyworkforyou.com/mp/24728/nick_smith/blaenau_gwent
24797,Owen Smith,Owen,Smith,Labour,Pontypridd,https://www.theyworkforyou.com/mp/24797/owen_smith/pontypridd
25345,Royston Smith,Royston,Smith,Conservative,"Southampton, Itchen",https://www.theyworkforyou.com/mp/25345/royston_smith/southampton%2C_itchen
25390,Karin Smyth,Karin,Smyth,Labour,Bristol South,https://www.theyworkforyou.com/mp/25390/karin_smyth/bristol_south
25601,Gareth Snell,Gareth,Snell,Labour/Co-operative,Stoke-on-Trent Central,https://www.theyworkforyou.com/mp/25601/gareth_snell/stoke-on-trent_central
10555,Nicholas Soames,Nicholas,Soames,Conservative,Mid Sussex,https://www.theyworkforyou.com/mp/10555/nicholas_soames/mid_sussex
25680,Alex Sobel,Alex,Sobel,Labour/Co-operative,Leeds North West,https://www.theyworkforyou.com/mp/25680/alex_sobel/leeds_north_west
24772,Anna Soubry,Anna,Soubry,Independent,Broxtowe,https://www.theyworkforyou.com/mp/24772/anna_soubry/broxtowe
10558,John Spellar,John,Spellar,Labour,Warley,https://www.theyworkforyou.com/mp/10558/john_spellar/warley
10559,Caroline Spelman,Caroline,Spelman,Conservative,Meriden,https://www.theyworkforyou.com/mp/10559/caroline_spelman/meriden
24909,Mark Spencer,Mark,Spencer,Conservative,Sherwood,https://www.theyworkforyou.com/mp/24909/mark_spencer/sherwood
25353,Keir Starmer,Keir,Starmer,Labour,Holborn and St Pancras,https://www.theyworkforyou.com/mp/25353/keir_starmer/holborn_and_st_pancras
25306,Chris Stephens,Chris,Stephens,Scottish National Party,Glasgow South West,https://www.theyworkforyou.com/mp/25306/chris_stephens/glasgow_south_west
24759,Andrew Stephenson,Andrew,Stephenson,Conservative,Pendle,https://www.theyworkforyou.com/mp/24759/andrew_stephenson/pendle
25304,Jo Stevens,Jo,Stevens,Labour,Cardiff Central,https://www.theyworkforyou.com/mp/25304/jo_stevens/cardiff_central
24799,John Stevenson,John,Stevenson,Conservative,Carlisle,https://www.theyworkforyou.com/mp/24799/john_stevenson/carlisle
24907,Bob Stewart,Bob,Stewart,Conservative,Beckenham,https://www.theyworkforyou.com/mp/24907/bob_stewart/beckenham
24947,Iain Stewart,Iain,Stewart,Conservative,Milton Keynes South,https://www.theyworkforyou.com/mp/24947/iain_stewart/milton_keynes_south
24964,Rory Stewart,Rory,Stewart,Conservative,Penrith and The Border,https://www.theyworkforyou.com/mp/24964/rory_stewart/penrith_and_the_border
25668,Jamie Stone,Jamie,Stone,Liberal Democrat,"Caithness, Sutherland and Easter Ross",https://www.theyworkforyou.com/mp/25668/jamie_stone/caithness%2C_sutherland_and_easter_ross
10575,Gary Streeter,Gary,Streeter,Conservative,South West Devon,https://www.theyworkforyou.com/mp/10575/gary_streeter/south_west_devon
25320,Wes Streeting,Wes,Streeting,Labour,Ilford North,https://www.theyworkforyou.com/mp/25320/wes_streeting/ilford_north
24914,Mel Stride,Mel,Stride,Conservative,Central Devon,https://www.theyworkforyou.com/mp/24914/mel_stride/central_devon
10576,Graham Stringer,Graham,Stringer,Labour,Blackley and Broughton,https://www.theyworkforyou.com/mp/10576/graham_stringer/blackley_and_broughton
11406,Graham Stuart,Graham,Stuart,Conservative,Beverley and Holderness,https://www.theyworkforyou.com/mp/11406/graham_stuart/beverley_and_holderness
24853,Julian Sturdy,Julian,Sturdy,Conservative,York Outer,https://www.theyworkforyou.com/mp/24853/julian_sturdy/york_outer
25428,Rishi Sunak,Rishi,Sunak,Conservative,Richmond (Yorks),https://www.theyworkforyou.com/mp/25428/rishi_sunak/richmond_%28yorks%29
10580,Desmond Swayne,Desmond,Swayne,Conservative,New Forest West,https://www.theyworkforyou.com/mp/10580/desmond_swayne/new_forest_west
25639,Paul Sweeney,Paul,Sweeney,Labour,Glasgow North East,https://www.theyworkforyou.com/mp/25639/paul_sweeney/glasgow_north_east
11971,Jo Swinson,Jo,Swinson,Liberal Democrat,East Dunbartonshire,https://www.theyworkforyou.com/mp/11971/jo_swinson/east_dunbartonshire
11265,Hugo Swire,Hugo,Swire,Conservative,East Devon,https://www.theyworkforyou.com/mp/11265/hugo_swire/east_devon
10582,Robert Syms,Robert,Syms,Conservative,Poole,https://www.theyworkforyou.com/mp/10582/robert_syms/poole
11267,Mark Tami,Mark,Tami,Labour,Alyn and Deeside,https://www.theyworkforyou.com/mp/11267/mark_tami/alyn_and_deeside
25327,Alison Thewliss,Alison,Thewliss,Scottish National Party,Glasgow Central,https://www.theyworkforyou.com/mp/25327/alison_thewliss/glasgow_central
25440,Derek Thomas,Derek,Thomas,Conservative,St Ives,https://www.theyworkforyou.com/mp/25440/derek_thomas/st_ives
10594,Gareth Thomas,Gareth,Thomas,Labour/Co-operative,Harrow West,https://www.theyworkforyou.com/mp/10594/gareth_thomas/harrow_west
25279,Nick Thomas-Symonds,Nick,Thomas-Symonds,Labour,Torfaen,https://www.theyworkforyou.com/mp/25279/nick_thomas-symonds/torfaen
25539,Ross Thomson,Ross,Thomson,Conservative,Aberdeen South,https://www.theyworkforyou.com/mp/25539/ross_thomson/aberdeen_south
11656,Emily Thornberry,Emily,Thornberry,Labour,Islington South and Finsbury,https://www.theyworkforyou.com/mp/11656/emily_thornberry/islington_south_and_finsbury
25371,Maggie Throup,Maggie,Throup,Conservative,Erewash,https://www.theyworkforyou.com/mp/25371/maggie_throup/erewash
10596,Stephen Timms,Stephen,Timms,Labour,East Ham,https://www.theyworkforyou.com/mp/10596/stephen_timms/east_ham
25430,Kelly Tolhurst,Kelly,Tolhurst,Conservative,Rochester and Strood,https://www.theyworkforyou.com/mp/25430/kelly_tolhurst/rochester_and_strood
24870,Justin Tomlinson,Justin,Tomlinson,Conservative,North Swindon,https://www.theyworkforyou.com/mp/24870/justin_tomlinson/north_swindon
25422,Michael Tomlinson,Michael,Tomlinson,Conservative,Mid Dorset and North Poole,https://www.theyworkforyou.com/mp/25422/michael_tomlinson/mid_dorset_and_north_poole
25290,Craig Tracey,Craig,Tracey,Conservative,North Warwickshire,https://www.theyworkforyou.com/mp/25290/craig_tracey/north_warwickshire
10602,David Tredinnick,David,Tredinnick,Conservative,Bosworth,https://www.theyworkforyou.com/mp/10602/david_tredinnick/bosworth
25439,Anne-Marie Trevelyan,Anne-Marie,Trevelyan,Conservative,Berwick-upon-Tweed,https://www.theyworkforyou.com/mp/25439/anne-marie_trevelyan/berwick-upon-tweed
10604,Jon Trickett,Jon,Trickett,Labour,Hemsworth,https://www.theyworkforyou.com/mp/10604/jon_trickett/hemsworth
24941,Elizabeth Truss,Elizabeth,Truss,Conservative,South West Norfolk,https://www.theyworkforyou.com/mp/24941/elizabeth_truss/south_west_norfolk
25374,Thomas Tugendhat,Thomas,Tugendhat,Conservative,Tonbridge and Malling,https://www.theyworkforyou.com/mp/25374/thomas_tugendhat/tonbridge_and_malling
25313,Anna Turley,Anna,Turley,Labour/Co-operative,Redcar,https://www.theyworkforyou.com/mp/25313/anna_turley/redcar
24767,Karl Turner,Karl,Turner,Labour,Kingston upon Hull East,https://www.theyworkforyou.com/mp/24767/karl_turner/kingston_upon_hull_east
10610,Derek Twigg,Derek,Twigg,Labour,Halton,https://www.theyworkforyou.com/mp/10610/derek_twigg/halton
10611,Stephen Twigg,Stephen,Twigg,Labour/Co-operative,"Liverpool, West Derby",https://www.theyworkforyou.com/mp/10611/stephen_twigg/liverpool%2C_west_derby
25623,Liz Twist,Liz,Twist,Labour,Blaydon,https://www.theyworkforyou.com/mp/25623/liz_twist/blaydon
24950,Chuka Umunna,Chuka,Umunna,Independent,Streatham,https://www.theyworkforyou.com/mp/24950/chuka_umunna/streatham
11905,Ed Vaizey,Ed,Vaizey,Conservative,Wantage,https://www.theyworkforyou.com/mp/11905/ed_vaizey/wantage
11475,Shailesh Vara,Shailesh,Vara,Conservative,North West Cambridgeshire,https://www.theyworkforyou.com/mp/11475/shailesh_vara/north_west_cambridgeshire
10614,Keith Vaz,Keith,Vaz,Labour,Leicester East,https://www.theyworkforyou.com/mp/10614/keith_vaz/leicester_east
24852,Valerie Vaz,Valerie,Vaz,Labour,Walsall South,https://www.theyworkforyou.com/mp/24852/valerie_vaz/walsall_south
24814,Martin Vickers,Martin,Vickers,Conservative,Cleethorpes,https://www.theyworkforyou.com/mp/24814/martin_vickers/cleethorpes
11500,Theresa Villiers,Theresa,Villiers,Conservative,Chipping Barnet,https://www.theyworkforyou.com/mp/11500/theresa_villiers/chipping_barnet
11461,Charles Walker,Charles,Walker,Conservative,Broxbourne,https://www.theyworkforyou.com/mp/11461/charles_walker/broxbourne
24862,Robin Walker,Robin,Walker,Conservative,Worcester,https://www.theyworkforyou.com/mp/24862/robin_walker/worcester
25671,Thelma Walker,Thelma,Walker,Labour,Colne Valley,https://www.theyworkforyou.com/mp/25671/thelma_walker/colne_valley
11668,Ben Wallace,Ben,Wallace,Conservative,Wyre and Preston North,https://www.theyworkforyou.com/mp/11668/ben_wallace/wyre_and_preston_north
25372,David Warburton,David,Warburton,Conservative,Somerton and Frome,https://www.theyworkforyou.com/mp/25372/david_warburton/somerton_and_frome
25395,Matt Warman,Matt,Warman,Conservative,Boston and Skegness,https://www.theyworkforyou.com/mp/25395/matt_warman/boston_and_skegness
25644,Giles Watling,Giles,Watling,Conservative,Clacton,https://www.theyworkforyou.com/mp/25644/giles_watling/clacton
11309,Tom Watson,Tom,Watson,Labour,West Bromwich East,https://www.theyworkforyou.com/mp/11309/tom_watson/west_bromwich_east
25328,Catherine West,Catherine,West,Labour,Hornsey and Wood Green,https://www.theyworkforyou.com/mp/25328/catherine_west/hornsey_and_wood_green
25701,Matt Western,Matt,Western,Labour,Warwick and Leamington,https://www.theyworkforyou.com/mp/25701/matt_western/warwick_and_leamington
25398,Helen Whately,Helen,Whately,Conservative,Faversham and Mid Kent,https://www.theyworkforyou.com/mp/25398/helen_whately/faversham_and_mid_kent
24769,Heather Wheeler,Heather,Wheeler,Conservative,South Derbyshire,https://www.theyworkforyou.com/mp/24769/heather_wheeler/south_derbyshire
10630,Alan Whitehead,Alan,Whitehead,Labour,"Southampton, Test",https://www.theyworkforyou.com/mp/10630/alan_whitehead/southampton%2C_test
25651,Martin Whitfield,Martin,Whitfield,Labour,East Lothian,https://www.theyworkforyou.com/mp/25651/martin_whitfield/east_lothian
25318,Philippa Whitford,Philippa,Whitford,Scottish National Party,Central Ayrshire,https://www.theyworkforyou.com/mp/25318/philippa_whitford/central_ayrshire
24944,Craig Whittaker,Craig,Whittaker,Conservative,Calder Valley,https://www.theyworkforyou.com/mp/24944/craig_whittaker/calder_valley
10632,John Whittingdale,John,Whittingdale,Conservative,Maldon,https://www.theyworkforyou.com/mp/10632/john_whittingdale/maldon
11318,Bill Wiggin,Bill,Wiggin,Conservative,North Herefordshire,https://www.theyworkforyou.com/mp/11318/bill_wiggin/north_herefordshire
11323,Hywel Williams,Hywel,Williams,Plaid Cymru,Arfon,https://www.theyworkforyou.com/mp/11323/hywel_williams/arfon
25621,Paul Williams,Paul,Williams,Labour,Stockton South,https://www.theyworkforyou.com/mp/25621/paul_williams/stockton_south
24830,Chris Williamson,Chris,Williamson,Labour,Derby North,https://www.theyworkforyou.com/mp/24830/chris_williamson/derby_north
24729,Gavin Williamson,Gavin,Williamson,Conservative,South Staffordshire,https://www.theyworkforyou.com/mp/24729/gavin_williamson/south_staffordshire
13933,Phil Wilson,Phil,Wilson,Labour,Sedgefield,https://www.theyworkforyou.com/mp/13933/phil_wilson/sedgefield
11374,Sammy Wilson,Sammy,Wilson,DUP,East Antrim,https://www.theyworkforyou.com/mp/11374/sammy_wilson/east_antrim
10648,Rosie Winterton,Rosie,Winterton,Labour,Doncaster Central,https://www.theyworkforyou.com/mp/10648/rosie_winterton/doncaster_central
11333,Pete Wishart,Pete,Wishart,Scottish National Party,Perth and North Perthshire,https://www.theyworkforyou.com/mp/11333/pete_wishart/perth_and_north_perthshire
24761,Sarah Wollaston,Sarah,Wollaston,Independent,Totnes,https://www.theyworkforyou.com/mp/24761/sarah_wollaston/totnes
25362,Mike Wood,Mike,Wood,Conservative,Dudley South,https://www.theyworkforyou.com/mp/25362/mike_wood/dudley_south
24837,John Woodcock,John,Woodcock,Independent,Barrow and Furness,https://www.theyworkforyou.com/mp/24837/john_woodcock/barrow_and_furness
25360,William Wragg,William,Wragg,Conservative,Hazel Grove,https://www.theyworkforyou.com/mp/25360/william_wragg/hazel_grove
11791,Jeremy Wright,Jeremy,Wright,Conservative,Kenilworth and Southam,https://www.theyworkforyou.com/mp/11791/jeremy_wright/kenilworth_and_southam
25649,Mohammad Yasin,Mohammad,Yasin,Labour,Bedford,https://www.theyworkforyou.com/mp/25649/mohammad_yasin/bedford
24822,Nadhim Zahawi,Nadhim,Zahawi,Conservative,Stratford-on-Avon,https://www.theyworkforyou.com/mp/24822/nadhim_zahawi/stratford-on-avon
25386,Daniel Zeichner,Daniel,Zeichner,Labour,Cambridge,https://www.theyworkforyou.com/mp/25386/daniel_zeichner/cambridge
